{"stats":{"minecraft:custom":{"minecraft:time_since_rest":6415,"minecraft:open_chest":5,"minecraft:crouch_one_cm":6870,"minecraft:sprint_one_cm":1403,"minecraft:play_time":6415,"minecraft:walk_one_cm":2147,"minecraft:sneak_time":3898,"minecraft:jump":4,"minecraft:leave_game":1,"minecraft:time_since_death":6415,"minecraft:total_world_time":6415,"minecraft:interact_with_crafting_table":4,"minecraft:fall_one_cm":209,"minecraft:fly_one_cm":820},"minecraft:picked_up":{"minecraft:oak_log":16,"minecraft:chest":5,"minecraft:dirt":32},"minecraft:mined":{"minecraft:grass_block":32,"minecraft:oak_log":16,"minecraft:chest":5},"minecraft:used":{"minecraft:dirt":8,"minecraft:oak_slab":42,"minecraft:crafting_table":1},"minecraft:crafted":{"minecraft:oak_slab":42,"minecraft:oak_planks":84,"minecraft:crafting_table":1,"minecraft:stick":4}},"DataVersion":3700}