{"stats":{"minecraft:crafted":{"minecraft:oak_planks":672,"minecraft:heavy_weighted_pressure_plate":1,"minecraft:iron_boots":1,"minecraft:decorated_pot":1,"minecraft:chest":24,"minecraft:stone_hoe":1,"minecraft:oak_fence":51,"minecraft:oak_slab":828,"minecraft:cauldron":1,"minecraft:crafting_table":2,"minecraft:spruce_planks":108,"minecraft:wooden_pickaxe":1,"minecraft:iron_helmet":2,"minecraft:fletching_table":2,"minecraft:birch_planks":92,"minecraft:wooden_hoe":1,"minecraft:iron_chestplate":1,"minecraft:shield":1,"minecraft:stick":168,"minecraft:iron_ingot":150,"minecraft:iron_pickaxe":12,"minecraft:gold_ingot":47,"minecraft:shears":2,"minecraft:stone_shovel":11,"minecraft:furnace":5,"minecraft:dark_oak_fence":3,"minecraft:iron_axe":2,"minecraft:spruce_slab":18,"minecraft:stone_pickaxe":5,"minecraft:dark_oak_planks":132,"minecraft:cooked_cod":2,"minecraft:cooked_salmon":6,"minecraft:bucket":1,"minecraft:stone_axe":7,"minecraft:air":0,"minecraft:oak_fence_gate":2,"minecraft:wooden_axe":3,"minecraft:iron_leggings":1,"minecraft:white_bed":1,"minecraft:acacia_planks":8},"minecraft:custom":{"minecraft:animals_bred":4,"minecraft:interact_with_crafting_table":131,"minecraft:leave_game":3,"minecraft:time_since_death":334880,"minecraft:sprint_one_cm":439219,"minecraft:damage_blocked_by_shield":205,"minecraft:drop":81,"minecraft:talked_to_villager":21,"minecraft:play_time":334880,"minecraft:jump":1540,"minecraft:walk_on_water_one_cm":432,"minecraft:interact_with_furnace":64,"minecraft:sleep_in_bed":2,"minecraft:damage_dealt":28783,"minecraft:crouch_one_cm":208587,"minecraft:horse_one_cm":77,"minecraft:mob_kills":146,"minecraft:walk_one_cm":504701,"minecraft:sneak_time":57168,"minecraft:walk_under_water_one_cm":1634,"minecraft:total_world_time":334880,"minecraft:time_since_rest":12300,"minecraft:damage_taken":2844,"minecraft:fly_one_cm":160269,"minecraft:open_chest":619,"minecraft:fall_one_cm":10094},"minecraft:dropped":{"minecraft:red_sandstone":39,"minecraft:music_disc_relic":1,"minecraft:snowball":200,"minecraft:cobbled_deepslate":1,"minecraft:wheat":1,"minecraft:rotten_flesh":7,"minecraft:oak_planks":111,"minecraft:prismarine":2,"minecraft:heavy_weighted_pressure_plate":2,"minecraft:leather_boots":1,"minecraft:iron_ingot":91,"minecraft:black_dye":4,"minecraft:mossy_cobblestone":1,"minecraft:cobblestone":67,"minecraft:granite":2,"minecraft:stick":2,"minecraft:diorite":4,"minecraft:golden_carrot":8,"minecraft:wooden_hoe":2,"minecraft:rabbit":1,"minecraft:cooked_salmon":1,"minecraft:dead_bush":4,"minecraft:bucket":1,"minecraft:spruce_sapling":2,"minecraft:sweet_berries":1,"minecraft:tuff":5,"minecraft:stone_shovel":3,"minecraft:dead_bubble_coral_block":3,"minecraft:clay_ball":32,"minecraft:shears":1,"minecraft:spruce_planks":1,"minecraft:andesite":7,"minecraft:spider_eye":1,"minecraft:stone_pickaxe":3,"minecraft:raw_gold":4},"minecraft:broken":{"minecraft:iron_boots":1,"minecraft:stone_pickaxe":3,"minecraft:stone_axe":5,"minecraft:wooden_axe":2,"minecraft:stone_shovel":5,"minecraft:iron_pickaxe":11,"minecraft:iron_helmet":1},"minecraft:mined":{"minecraft:white_bed":2,"minecraft:oak_sapling":2,"minecraft:granite":119,"minecraft:budding_amethyst":35,"minecraft:red_sand":76,"minecraft:acacia_log":20,"minecraft:grass_block":247,"minecraft:dead_tube_coral_block":1,"minecraft:deepslate_bricks":102,"minecraft:bubble_coral_block":9,"minecraft:tube_coral_block":9,"minecraft:raw_iron_block":3,"minecraft:iron_ore":104,"minecraft:cobbled_deepslate":2,"minecraft:pumpkin":5,"minecraft:deepslate_lapis_ore":47,"minecraft:brain_coral_block":17,"minecraft:gray_terracotta":11,"minecraft:cyan_terracotta":15,"minecraft:orange_terracotta":16,"minecraft:powder_snow":14,"minecraft:clay":96,"minecraft:light_gray_terracotta":17,"minecraft:calcite":133,"minecraft:melon":18,"minecraft:chest":83,"minecraft:cobblestone":60,"minecraft:prismarine":77,"minecraft:oak_planks":5,"minecraft:amethyst_block":168,"minecraft:cauldron":5,"minecraft:deepslate_copper_ore":83,"minecraft:white_terracotta":61,"minecraft:blue_terracotta":15,"minecraft:birch_log":51,"minecraft:wheat":16,"minecraft:blue_ice":16,"minecraft:oak_log":164,"minecraft:oak_fence_gate":2,"minecraft:dark_oak_sapling":2,"minecraft:sand":156,"minecraft:dirt":106,"minecraft:smooth_basalt":55,"minecraft:raw_copper_block":3,"minecraft:oak_leaves":12,"minecraft:horn_coral_block":11,"minecraft:deepslate":235,"minecraft:suspicious_gravel":176,"minecraft:yellow_terracotta":19,"minecraft:deepslate_tiles":52,"minecraft:dark_prismarine":71,"minecraft:diamond_ore":12,"minecraft:tuff":82,"minecraft:mossy_cobblestone":3,"minecraft:deepslate_diamond_ore":28,"minecraft:dark_oak_log":45,"minecraft:sea_lantern":36,"minecraft:dark_oak_fence":2,"minecraft:decorated_pot":1,"minecraft:spruce_leaves":5,"minecraft:moss_block":176,"minecraft:sandstone":56,"minecraft:rooted_dirt":38,"minecraft:hay_block":11,"minecraft:redstone_ore":16,"minecraft:spruce_sapling":7,"minecraft:carrots":3,"minecraft:red_sandstone":55,"minecraft:snow":92,"minecraft:suspicious_sand":26,"minecraft:green_terracotta":15,"minecraft:andesite":100,"minecraft:dead_horn_coral_block":2,"minecraft:deepslate_iron_ore":70,"minecraft:packed_ice":34,"minecraft:stone":332,"minecraft:fire_coral_block":12,"minecraft:podzol":43,"minecraft:oak_slab":116,"minecraft:snow_block":92,"minecraft:oak_fence":17,"minecraft:emerald_ore":18,"minecraft:sponge":16,"minecraft:copper_ore":153,"minecraft:deepslate_coal_ore":47,"minecraft:dried_kelp_block":12,"minecraft:lapis_ore":24,"minecraft:deepslate_gold_ore":42,"minecraft:diorite":110,"minecraft:prismarine_bricks":83,"minecraft:red_terracotta":9,"minecraft:dead_fire_coral_block":1,"minecraft:sweet_berry_bush":6,"minecraft:spruce_log":66,"minecraft:dead_brain_coral_block":1,"minecraft:coal_ore":74,"minecraft:dripstone_block":110,"minecraft:gravel":72,"minecraft:brown_terracotta":14,"minecraft:terracotta":39,"minecraft:gold_ore":32},"minecraft:used":{"minecraft:decorated_pot":1,"minecraft:chest":31,"minecraft:shield":7,"minecraft:iron_sword":204,"minecraft:carrot":13,"minecraft:axolotl_bucket":3,"minecraft:milk_bucket":1,"minecraft:iron_helmet":1,"minecraft:sweet_berries":177,"minecraft:furnace":5,"minecraft:oak_sapling":21,"minecraft:egg":6,"minecraft:dark_oak_sapling":4,"minecraft:stone_pickaxe":564,"minecraft:oak_planks":5,"minecraft:wooden_pickaxe":13,"minecraft:sugar_cane":4,"minecraft:melon_slice":87,"minecraft:cat_spawn_egg":1,"minecraft:dark_oak_fence":4,"minecraft:andesite":1,"minecraft:bone_meal":3,"minecraft:oak_fence":57,"minecraft:stone_shovel":886,"minecraft:stone_hoe":17,"minecraft:torch":1,"minecraft:dirt":302,"minecraft:spyglass":1,"minecraft:cod_bucket":1,"minecraft:salmon_bucket":1,"minecraft:granite":9,"minecraft:oak_fence_gate":4,"minecraft:wooden_axe":157,"minecraft:iron_axe":202,"minecraft:iron_boots":1,"minecraft:cobbled_deepslate":2,"minecraft:wheat_seeds":43,"minecraft:water_bucket":9,"minecraft:rabbit":1,"minecraft:cauldron":6,"minecraft:fletching_table":2,"minecraft:terracotta":1,"minecraft:oak_slab":951,"minecraft:crafting_table":2,"minecraft:white_bed":3,"minecraft:spruce_log":16,"minecraft:gray_terracotta":3,"minecraft:dark_prismarine":10,"minecraft:wooden_hoe":34,"minecraft:iron_pickaxe":2885,"minecraft:spruce_sapling":11,"minecraft:stone_axe":492,"minecraft:cobblestone":59,"minecraft:bucket":14},"minecraft:picked_up":{"minecraft:seagrass":5,"minecraft:music_disc_strad":2,"minecraft:wheat":16,"minecraft:chainmail_boots":1,"minecraft:prismarine_shard":3,"minecraft:wither_rose":1,"minecraft:golden_sword":1,"minecraft:amethyst_block":168,"minecraft:cod_bucket":1,"minecraft:music_disc_cat":1,"minecraft:string":29,"minecraft:dead_tube_coral_block":10,"minecraft:raw_copper":808,"minecraft:cooked_salmon":1,"minecraft:explorer_pottery_sherd":25,"minecraft:pufferfish":1,"minecraft:experience_bottle":1,"minecraft:deepslate_tiles":52,"minecraft:red_sand":74,"minecraft:cobbled_deepslate":285,"minecraft:bucket":1,"minecraft:rose_bush":2,"minecraft:bubble_coral":5,"minecraft:calcite":132,"minecraft:azalea":9,"minecraft:melon_slice":90,"minecraft:golden_helmet":3,"minecraft:tipped_arrow":8,"minecraft:stick":21,"minecraft:sheaf_pottery_sherd":65,"minecraft:music_disc_blocks":3,"minecraft:big_dripleaf":6,"minecraft:brown_terracotta":14,"minecraft:oak_fence":15,"minecraft:torch":8,"minecraft:acacia_log":20,"minecraft:pointed_dripstone":7,"minecraft:diorite":120,"minecraft:vine":3,"minecraft:cauldron":5,"minecraft:green_terracotta":15,"minecraft:rabbit_foot":2,"minecraft:black_dye":8,"minecraft:shaper_armor_trim_smithing_template":1,"minecraft:phantom_spawn_egg":1,"minecraft:cactus":5,"minecraft:rotten_flesh":53,"minecraft:salmon_bucket":1,"minecraft:tropical_fish":6,"minecraft:cow_spawn_egg":1,"minecraft:music_disc_ward":1,"minecraft:cyan_terracotta":15,"minecraft:white_terracotta":59,"minecraft:fire_coral_fan":1,"minecraft:host_armor_trim_smithing_template":1,"minecraft:cod":2,"minecraft:snowball":609,"minecraft:cobblestone":523,"minecraft:sponge":16,"minecraft:birch_log":51,"minecraft:feather":36,"minecraft:water_bucket":1,"minecraft:andesite":106,"minecraft:powder_snow_bucket":1,"minecraft:flint":6,"minecraft:tuff":87,"minecraft:light_gray_dye":5,"minecraft:prismarine_bricks":83,"minecraft:horn_coral":2,"minecraft:map":1,"minecraft:lapis_lazuli":459,"minecraft:dirt":388,"minecraft:disc_fragment_5":2,"minecraft:leather_boots":3,"minecraft:bone":57,"minecraft:gray_terracotta":11,"minecraft:bow":8,"minecraft:wheat_seeds":60,"minecraft:small_dripleaf":8,"minecraft:raw_gold":77,"minecraft:light_blue_dye":2,"minecraft:bamboo":2,"minecraft:rabbit":2,"minecraft:glowstone_dust":1,"minecraft:moss_block":186,"minecraft:prismarine":79,"minecraft:oak_planks":98,"minecraft:brain_coral":2,"minecraft:glow_lichen":5,"minecraft:axolotl_bucket":1,"minecraft:enderman_spawn_egg":1,"minecraft:sand":156,"minecraft:ink_sac":21,"minecraft:dead_bush":20,"minecraft:grass_block":1,"minecraft:lily_of_the_valley":1,"minecraft:red_terracotta":9,"minecraft:dark_oak_log":45,"minecraft:mossy_cobblestone":3,"minecraft:dark_prismarine":71,"minecraft:light_gray_terracotta":17,"minecraft:blue_terracotta":15,"minecraft:sugar":2,"minecraft:diamond":43,"minecraft:angler_pottery_sherd":4,"minecraft:miner_pottery_sherd":3,"minecraft:writable_book":2,"minecraft:dead_brain_coral_block":18,"minecraft:crossbow":1,"minecraft:blue_ice":2,"minecraft:granite":120,"minecraft:bone_meal":19,"minecraft:golden_apple":4,"minecraft:emerald":20,"minecraft:rooted_dirt":38,"minecraft:plenty_pottery_sherd":16,"minecraft:oak_sapling":28,"minecraft:dark_oak_fence":2,"minecraft:shelter_pottery_sherd":8,"minecraft:bubble_coral_fan":1,"minecraft:azure_bluet":2,"minecraft:chicken":1,"minecraft:clay_ball":415,"minecraft:mourner_pottery_sherd":8,"minecraft:dead_horn_coral_block":13,"minecraft:magma_cube_spawn_egg":1,"minecraft:fire_coral":2,"minecraft:heavy_weighted_pressure_plate":1,"minecraft:cat_spawn_egg":1,"minecraft:candle":11,"minecraft:birch_sapling":3,"minecraft:sugar_cane":4,"minecraft:chest":83,"minecraft:raw_copper_block":3,"minecraft:egg":8,"minecraft:dark_oak_sapling":13,"minecraft:hoglin_spawn_egg":1,"minecraft:raw_iron":174,"minecraft:sandstone":56,"minecraft:music_disc_relic":2,"minecraft:copper_ingot":3,"minecraft:music_disc_mellohi":2,"minecraft:amethyst_cluster":14,"minecraft:white_dye":3,"minecraft:skull_pottery_sherd":10,"minecraft:pufferfish_spawn_egg":2,"minecraft:trident":2,"minecraft:carrot":15,"minecraft:redstone":71,"minecraft:prismarine_crystals":89,"minecraft:chicken_spawn_egg":1,"minecraft:howl_pottery_sherd":19,"minecraft:tube_coral":1,"minecraft:arrow":40,"minecraft:stone_shovel":3,"minecraft:tube_coral_fan":1,"minecraft:shears":1,"minecraft:deepslate_bricks":102,"minecraft:hay_block":11,"minecraft:yellow_terracotta":19,"minecraft:gold_ingot":4,"minecraft:mutton":3,"minecraft:glow_berries":18,"minecraft:white_wool":4,"minecraft:rail":12,"minecraft:oxeye_daisy":5,"minecraft:heartbreak_pottery_sherd":27,"minecraft:golden_carrot":13,"minecraft:glow_ink_sac":14,"minecraft:salmon":6,"minecraft:leather":15,"minecraft:yellow_dye":4,"minecraft:ice":1,"minecraft:oak_log":163,"minecraft:gunpowder":12,"minecraft:wooden_hoe":2,"minecraft:paper":8,"minecraft:orange_terracotta":16,"minecraft:coast_armor_trim_smithing_template":2,"minecraft:witch_spawn_egg":1,"minecraft:apple":14,"minecraft:kelp":9,"minecraft:red_sandstone":94,"minecraft:spore_blossom":7,"minecraft:rabbit_hide":4,"minecraft:iron_ingot":91,"minecraft:music_disc_far":1,"minecraft:oak_fence_gate":2,"minecraft:stone_pickaxe":3,"minecraft:blade_pottery_sherd":8,"minecraft:acacia_sapling":3,"minecraft:arms_up_pottery_sherd":4,"minecraft:iron_sword":1,"minecraft:flowering_azalea":2,"minecraft:book":6,"minecraft:sculk_catalyst":1,"minecraft:oak_slab":154,"minecraft:smooth_basalt":55,"minecraft:pumpkin":5,"minecraft:sweet_berries":310,"minecraft:budding_amethyst":9,"minecraft:spyglass":1,"minecraft:raw_iron_block":3,"minecraft:dripstone_block":110,"minecraft:gravel":66,"minecraft:brain_coral_fan":1,"minecraft:dead_fire_coral_block":13,"minecraft:amethyst_shard":12,"minecraft:prize_pottery_sherd":5,"minecraft:spruce_sapling":28,"minecraft:white_bed":2,"minecraft:spruce_log":65,"minecraft:spider_eye":5,"minecraft:archer_pottery_sherd":9,"minecraft:leather_helmet":1,"minecraft:brewer_pottery_sherd":17,"minecraft:pumpkin_seeds":4,"minecraft:dried_kelp_block":12,"minecraft:slime_ball":2,"minecraft:snort_pottery_sherd":18,"minecraft:tide_armor_trim_smithing_template":1,"minecraft:dead_bubble_coral_block":15,"minecraft:iron_helmet":3,"minecraft:gray_wool":1,"minecraft:terracotta":38,"minecraft:melon_seeds":2,"minecraft:coal":133,"minecraft:mangrove_propagule":2},"minecraft:killed":{"minecraft:witch":1,"minecraft:spider":13,"minecraft:pufferfish":1,"minecraft:skeleton":24,"minecraft:guardian":3,"minecraft:wolf":4,"minecraft:creeper":20,"minecraft:pillager":5,"minecraft:zombie":34,"minecraft:stray":11,"minecraft:glow_squid":1,"minecraft:vindicator":2,"minecraft:drowned":6,"minecraft:husk":16,"minecraft:squid":1,"minecraft:polar_bear":3}},"DataVersion":3700}