{"stats":{"minecraft:crafted":{"minecraft:oak_planks":624,"minecraft:stone_shovel":7,"minecraft:furnace":5,"minecraft:iron_boots":1,"minecraft:iron_axe":2,"minecraft:spruce_slab":18,"minecraft:stone_pickaxe":5,"minecraft:decorated_pot":1,"minecraft:chest":17,"minecraft:dark_oak_planks":116,"minecraft:stone_hoe":1,"minecraft:oak_fence":51,"minecraft:oak_slab":684,"minecraft:crafting_table":2,"minecraft:spruce_planks":108,"minecraft:iron_helmet":1,"minecraft:wooden_pickaxe":1,"minecraft:birch_planks":92,"minecraft:stone_axe":7,"minecraft:air":0,"minecraft:oak_fence_gate":2,"minecraft:shield":1,"minecraft:iron_chestplate":1,"minecraft:stick":152,"minecraft:iron_ingot":119,"minecraft:iron_pickaxe":9,"minecraft:wooden_axe":3,"minecraft:iron_leggings":1,"minecraft:gold_ingot":47},"minecraft:custom":{"minecraft:mob_kills":102,"minecraft:animals_bred":1,"minecraft:interact_with_crafting_table":100,"minecraft:leave_game":3,"minecraft:time_since_death":244880,"minecraft:sprint_one_cm":252088,"minecraft:walk_one_cm":345284,"minecraft:damage_blocked_by_shield":180,"minecraft:drop":42,"minecraft:talked_to_villager":1,"minecraft:play_time":244880,"minecraft:sneak_time":50834,"minecraft:walk_under_water_one_cm":1634,"minecraft:jump":981,"minecraft:walk_on_water_one_cm":432,"minecraft:total_world_time":244880,"minecraft:interact_with_furnace":52,"minecraft:time_since_rest":244880,"minecraft:damage_taken":2126,"minecraft:damage_dealt":20645,"minecraft:fly_one_cm":96555,"minecraft:open_chest":322,"minecraft:crouch_one_cm":166859,"minecraft:fall_one_cm":7050},"minecraft:dropped":{"minecraft:music_disc_relic":1,"minecraft:cobblestone":5,"minecraft:diorite":4,"minecraft:golden_carrot":8,"minecraft:rabbit":1,"minecraft:snowball":200,"minecraft:spruce_sapling":2,"minecraft:wheat":1,"minecraft:stone_shovel":2,"minecraft:oak_planks":105,"minecraft:andesite":7,"minecraft:leather_boots":1,"minecraft:stone_pickaxe":3,"minecraft:raw_gold":4},"minecraft:broken":{"minecraft:stone_pickaxe":3,"minecraft:stone_axe":5,"minecraft:iron_pickaxe":8,"minecraft:iron_helmet":1,"minecraft:wooden_axe":2,"minecraft:stone_shovel":3},"minecraft:mined":{"minecraft:dark_prismarine":14,"minecraft:deepslate_tiles":52,"minecraft:diamond_ore":9,"minecraft:tuff":71,"minecraft:oak_sapling":2,"minecraft:deepslate_diamond_ore":15,"minecraft:dark_oak_log":41,"minecraft:sea_lantern":16,"minecraft:granite":116,"minecraft:budding_amethyst":30,"minecraft:acacia_log":5,"minecraft:grass_block":241,"minecraft:dead_tube_coral_block":1,"minecraft:decorated_pot":1,"minecraft:deepslate_bricks":102,"minecraft:bubble_coral_block":9,"minecraft:spruce_leaves":5,"minecraft:tube_coral_block":4,"minecraft:moss_block":162,"minecraft:rooted_dirt":38,"minecraft:raw_iron_block":3,"minecraft:spruce_sapling":7,"minecraft:iron_ore":80,"minecraft:cobbled_deepslate":2,"minecraft:snow":92,"minecraft:andesite":94,"minecraft:green_terracotta":15,"minecraft:pumpkin":5,"minecraft:deepslate_lapis_ore":36,"minecraft:dead_horn_coral_block":2,"minecraft:deepslate_iron_ore":56,"minecraft:packed_ice":31,"minecraft:stone":321,"minecraft:brain_coral_block":16,"minecraft:fire_coral_block":6,"minecraft:podzol":39,"minecraft:oak_slab":68,"minecraft:gray_terracotta":11,"minecraft:cyan_terracotta":7,"minecraft:snow_block":92,"minecraft:powder_snow":14,"minecraft:clay":44,"minecraft:oak_fence":11,"minecraft:light_gray_terracotta":17,"minecraft:sponge":13,"minecraft:calcite":114,"minecraft:melon":17,"minecraft:chest":62,"minecraft:copper_ore":123,"minecraft:cobblestone":59,"minecraft:deepslate_coal_ore":45,"minecraft:dried_kelp_block":12,"minecraft:deepslate_gold_ore":41,"minecraft:lapis_ore":18,"minecraft:prismarine":46,"minecraft:oak_planks":5,"minecraft:diorite":103,"minecraft:amethyst_block":130,"minecraft:deepslate_copper_ore":55,"minecraft:prismarine_bricks":17,"minecraft:white_terracotta":31,"minecraft:dead_fire_coral_block":1,"minecraft:blue_terracotta":15,"minecraft:birch_log":48,"minecraft:wheat":6,"minecraft:sweet_berry_bush":2,"minecraft:blue_ice":16,"minecraft:spruce_log":64,"minecraft:dead_brain_coral_block":1,"minecraft:coal_ore":53,"minecraft:oak_log":156,"minecraft:oak_fence_gate":2,"minecraft:sand":37,"minecraft:dark_oak_sapling":2,"minecraft:gravel":55,"minecraft:dripstone_block":106,"minecraft:dirt":83,"minecraft:smooth_basalt":53,"minecraft:terracotta":19,"minecraft:raw_copper_block":3,"minecraft:gold_ore":32,"minecraft:oak_leaves":8,"minecraft:horn_coral_block":10,"minecraft:deepslate":212,"minecraft:suspicious_gravel":136},"minecraft:used":{"minecraft:oak_fence":57,"minecraft:stone_shovel":560,"minecraft:decorated_pot":1,"minecraft:chest":21,"minecraft:shield":6,"minecraft:iron_sword":68,"minecraft:stone_hoe":10,"minecraft:torch":1,"minecraft:dirt":240,"minecraft:spyglass":1,"minecraft:granite":9,"minecraft:axolotl_bucket":1,"minecraft:oak_fence_gate":4,"minecraft:wooden_axe":157,"minecraft:iron_axe":90,"minecraft:iron_boots":1,"minecraft:sweet_berries":88,"minecraft:oak_sapling":21,"minecraft:furnace":5,"minecraft:egg":6,"minecraft:cobbled_deepslate":2,"minecraft:dark_oak_sapling":4,"minecraft:wheat_seeds":6,"minecraft:water_bucket":8,"minecraft:rabbit":1,"minecraft:stone_pickaxe":564,"minecraft:oak_planks":5,"minecraft:wooden_pickaxe":13,"minecraft:terracotta":1,"minecraft:oak_slab":760,"minecraft:crafting_table":2,"minecraft:spruce_log":3,"minecraft:gray_terracotta":3,"minecraft:melon_slice":87,"minecraft:iron_pickaxe":2094,"minecraft:spruce_sapling":11,"minecraft:stone_axe":492,"minecraft:cobblestone":59,"minecraft:andesite":1,"minecraft:bucket":9},"minecraft:picked_up":{"minecraft:seagrass":2,"minecraft:shelter_pottery_sherd":5,"minecraft:music_disc_strad":2,"minecraft:wheat":6,"minecraft:azure_bluet":2,"minecraft:chainmail_boots":1,"minecraft:chicken":1,"minecraft:clay_ball":175,"minecraft:dead_horn_coral_block":12,"minecraft:golden_sword":1,"minecraft:fire_coral":2,"minecraft:amethyst_block":128,"minecraft:music_disc_cat":1,"minecraft:dead_tube_coral_block":5,"minecraft:string":25,"minecraft:raw_copper":607,"minecraft:explorer_pottery_sherd":5,"minecraft:deepslate_tiles":52,"minecraft:candle":9,"minecraft:cobbled_deepslate":261,"minecraft:bubble_coral":3,"minecraft:calcite":113,"minecraft:azalea":8,"minecraft:melon_slice":87,"minecraft:sugar_cane":2,"minecraft:chest":61,"minecraft:birch_sapling":2,"minecraft:raw_copper_block":3,"minecraft:egg":8,"minecraft:stick":17,"minecraft:tipped_arrow":8,"minecraft:golden_helmet":3,"minecraft:dark_oak_sapling":11,"minecraft:hoglin_spawn_egg":1,"minecraft:raw_iron":136,"minecraft:sheaf_pottery_sherd":65,"minecraft:music_disc_blocks":2,"minecraft:music_disc_relic":2,"minecraft:big_dripleaf":6,"minecraft:copper_ingot":3,"minecraft:oak_fence":11,"minecraft:torch":8,"minecraft:acacia_log":5,"minecraft:music_disc_mellohi":2,"minecraft:amethyst_cluster":11,"minecraft:white_dye":3,"minecraft:trident":1,"minecraft:pointed_dripstone":4,"minecraft:diorite":107,"minecraft:carrot":1,"minecraft:prismarine_crystals":35,"minecraft:green_terracotta":15,"minecraft:rabbit_foot":2,"minecraft:shaper_armor_trim_smithing_template":1,"minecraft:howl_pottery_sherd":15,"minecraft:phantom_spawn_egg":1,"minecraft:arrow":38,"minecraft:stone_shovel":2,"minecraft:rotten_flesh":31,"minecraft:tropical_fish":3,"minecraft:music_disc_ward":1,"minecraft:cow_spawn_egg":1,"minecraft:deepslate_bricks":102,"minecraft:cyan_terracotta":7,"minecraft:cod":1,"minecraft:fire_coral_fan":1,"minecraft:gold_ingot":4,"minecraft:white_terracotta":31,"minecraft:sponge":13,"minecraft:glow_berries":18,"minecraft:mutton":3,"minecraft:host_armor_trim_smithing_template":1,"minecraft:heartbreak_pottery_sherd":27,"minecraft:rail":10,"minecraft:snowball":609,"minecraft:white_wool":3,"minecraft:cobblestone":445,"minecraft:oxeye_daisy":5,"minecraft:birch_log":48,"minecraft:feather":36,"minecraft:golden_carrot":13,"minecraft:salmon":2,"minecraft:andesite":100,"minecraft:leather":12,"minecraft:yellow_dye":4,"minecraft:powder_snow_bucket":1,"minecraft:ice":1,"minecraft:flint":5,"minecraft:tuff":71,"minecraft:oak_log":155,"minecraft:prismarine_bricks":17,"minecraft:gunpowder":12,"minecraft:map":1,"minecraft:lapis_lazuli":330,"minecraft:dirt":359,"minecraft:paper":8,"minecraft:disc_fragment_5":2,"minecraft:leather_boots":3,"minecraft:bone":53,"minecraft:witch_spawn_egg":1,"minecraft:apple":10,"minecraft:kelp":1,"minecraft:bow":8,"minecraft:gray_terracotta":11,"minecraft:wheat_seeds":23,"minecraft:small_dripleaf":8,"minecraft:raw_gold":76,"minecraft:rabbit_hide":4,"minecraft:spore_blossom":4,"minecraft:oak_fence_gate":2,"minecraft:stone_pickaxe":3,"minecraft:blade_pottery_sherd":5,"minecraft:brain_coral":2,"minecraft:rabbit":2,"minecraft:prismarine":46,"minecraft:moss_block":168,"minecraft:iron_sword":1,"minecraft:oak_planks":94,"minecraft:flowering_azalea":2,"minecraft:book":4,"minecraft:oak_slab":91,"minecraft:glow_lichen":5,"minecraft:smooth_basalt":53,"minecraft:pumpkin":5,"minecraft:sweet_berries":129,"minecraft:dead_fire_coral_block":6,"minecraft:brain_coral_fan":1,"minecraft:budding_amethyst":7,"minecraft:gravel":50,"minecraft:spyglass":1,"minecraft:raw_iron_block":3,"minecraft:dripstone_block":106,"minecraft:sand":28,"minecraft:amethyst_shard":10,"minecraft:spruce_sapling":27,"minecraft:ink_sac":8,"minecraft:spruce_log":63,"minecraft:grass_block":1,"minecraft:lily_of_the_valley":1,"minecraft:dark_oak_log":41,"minecraft:spider_eye":4,"minecraft:leather_helmet":1,"minecraft:dark_prismarine":13,"minecraft:light_gray_terracotta":17,"minecraft:pumpkin_seeds":4,"minecraft:dried_kelp_block":12,"minecraft:blue_terracotta":15,"minecraft:snort_pottery_sherd":13,"minecraft:diamond":27,"minecraft:writable_book":2,"minecraft:dead_bubble_coral_block":9,"minecraft:dead_brain_coral_block":14,"minecraft:iron_helmet":2,"minecraft:blue_ice":2,"minecraft:granite":114,"minecraft:bone_meal":18,"minecraft:golden_apple":3,"minecraft:gray_wool":1,"minecraft:emerald":1,"minecraft:terracotta":18,"minecraft:rooted_dirt":38,"minecraft:oak_sapling":26,"minecraft:mangrove_propagule":2,"minecraft:coal":110},"minecraft:killed":{"minecraft:spider":10,"minecraft:pufferfish":1,"minecraft:skeleton":21,"minecraft:guardian":1,"minecraft:drowned":4,"minecraft:wolf":3,"minecraft:squid":1,"minecraft:creeper":16,"minecraft:polar_bear":3,"minecraft:zombie":31,"minecraft:stray":11}},"DataVersion":3700}