{"stats":{"minecraft:dropped":{"minecraft:diorite":4,"minecraft:golden_carrot":8,"minecraft:rabbit":1,"minecraft:snowball":200,"minecraft:spruce_sapling":2,"minecraft:wheat":1,"minecraft:stone_shovel":2,"minecraft:oak_planks":105,"minecraft:andesite":7,"minecraft:leather_boots":1,"minecraft:stone_pickaxe":3,"minecraft:raw_gold":3},"minecraft:used":{"minecraft:oak_fence":57,"minecraft:stone_shovel":447,"minecraft:chest":16,"minecraft:stone_hoe":10,"minecraft:torch":1,"minecraft:dirt":100,"minecraft:spyglass":1,"minecraft:axolotl_bucket":1,"minecraft:granite":9,"minecraft:oak_fence_gate":3,"minecraft:wooden_axe":157,"minecraft:iron_boots":1,"minecraft:sweet_berries":3,"minecraft:oak_sapling":1,"minecraft:furnace":5,"minecraft:egg":6,"minecraft:cobbled_deepslate":2,"minecraft:wheat_seeds":6,"minecraft:water_bucket":8,"minecraft:stone_pickaxe":564,"minecraft:oak_planks":5,"minecraft:wooden_pickaxe":13,"minecraft:terracotta":1,"minecraft:oak_slab":486,"minecraft:crafting_table":2,"minecraft:gray_terracotta":3,"minecraft:melon_slice":80,"minecraft:iron_pickaxe":1495,"minecraft:spruce_sapling":1,"minecraft:stone_axe":458,"minecraft:cobblestone":29,"minecraft:bucket":9,"minecraft:andesite":1},"minecraft:broken":{"minecraft:stone_pickaxe":3,"minecraft:stone_axe":5,"minecraft:iron_pickaxe":6,"minecraft:wooden_axe":2,"minecraft:stone_shovel":2},"minecraft:killed":{"minecraft:spider":7,"minecraft:skeleton":15,"minecraft:wolf":3,"minecraft:creeper":15,"minecraft:polar_bear":3,"minecraft:zombie":28,"minecraft:stray":11},"minecraft:crafted":{"minecraft:oak_planks":468,"minecraft:stone_shovel":7,"minecraft:furnace":5,"minecraft:iron_boots":1,"minecraft:stone_pickaxe":5,"minecraft:chest":12,"minecraft:dark_oak_planks":40,"minecraft:stone_hoe":1,"minecraft:oak_fence":51,"minecraft:oak_slab":462,"minecraft:crafting_table":2,"minecraft:spruce_planks":16,"minecraft:wooden_pickaxe":1,"minecraft:iron_helmet":1,"minecraft:birch_planks":92,"minecraft:stone_axe":7,"minecraft:air":0,"minecraft:oak_fence_gate":2,"minecraft:iron_chestplate":1,"minecraft:stick":112,"minecraft:iron_ingot":107,"minecraft:iron_pickaxe":6,"minecraft:wooden_axe":3,"minecraft:iron_leggings":1},"minecraft:custom":{"minecraft:mob_kills":82,"minecraft:interact_with_crafting_table":86,"minecraft:leave_game":2,"minecraft:time_since_death":186377,"minecraft:sprint_one_cm":144602,"minecraft:walk_one_cm":254516,"minecraft:drop":39,"minecraft:play_time":186377,"minecraft:sneak_time":42304,"minecraft:walk_under_water_one_cm":1634,"minecraft:jump":577,"minecraft:walk_on_water_one_cm":432,"minecraft:total_world_time":186377,"minecraft:interact_with_furnace":36,"minecraft:time_since_rest":186377,"minecraft:damage_taken":1513,"minecraft:damage_dealt":16520,"minecraft:fly_one_cm":54819,"minecraft:open_chest":194,"minecraft:crouch_one_cm":126806,"minecraft:fall_one_cm":4472},"minecraft:picked_up":{"minecraft:music_disc_strad":2,"minecraft:wheat":2,"minecraft:azure_bluet":2,"minecraft:chicken":1,"minecraft:clay_ball":143,"minecraft:golden_sword":1,"minecraft:amethyst_block":119,"minecraft:music_disc_cat":1,"minecraft:string":20,"minecraft:raw_copper":521,"minecraft:deepslate_tiles":52,"minecraft:candle":6,"minecraft:cobbled_deepslate":220,"minecraft:calcite":103,"minecraft:azalea":8,"minecraft:melon_slice":87,"minecraft:sugar_cane":2,"minecraft:chest":52,"minecraft:birch_sapling":2,"minecraft:raw_copper_block":3,"minecraft:egg":8,"minecraft:golden_helmet":3,"minecraft:tipped_arrow":8,"minecraft:dark_oak_sapling":9,"minecraft:hoglin_spawn_egg":1,"minecraft:raw_iron":112,"minecraft:sheaf_pottery_sherd":50,"minecraft:music_disc_blocks":2,"minecraft:big_dripleaf":3,"minecraft:copper_ingot":1,"minecraft:oak_fence":11,"minecraft:acacia_log":5,"minecraft:torch":8,"minecraft:music_disc_mellohi":2,"minecraft:amethyst_cluster":6,"minecraft:white_dye":3,"minecraft:diorite":95,"minecraft:carrot":1,"minecraft:green_terracotta":12,"minecraft:rabbit_foot":2,"minecraft:shaper_armor_trim_smithing_template":1,"minecraft:howl_pottery_sherd":15,"minecraft:phantom_spawn_egg":1,"minecraft:arrow":28,"minecraft:stone_shovel":2,"minecraft:rotten_flesh":24,"minecraft:cow_spawn_egg":1,"minecraft:deepslate_bricks":102,"minecraft:gold_ingot":4,"minecraft:white_terracotta":31,"minecraft:glow_berries":18,"minecraft:host_armor_trim_smithing_template":1,"minecraft:mutton":3,"minecraft:oxeye_daisy":5,"minecraft:white_wool":3,"minecraft:snowball":604,"minecraft:rail":7,"minecraft:cobblestone":361,"minecraft:heartbreak_pottery_sherd":27,"minecraft:birch_log":47,"minecraft:feather":33,"minecraft:golden_carrot":13,"minecraft:andesite":86,"minecraft:leather":12,"minecraft:yellow_dye":4,"minecraft:powder_snow_bucket":1,"minecraft:ice":1,"minecraft:flint":5,"minecraft:tuff":55,"minecraft:oak_log":122,"minecraft:gunpowder":12,"minecraft:lapis_lazuli":280,"minecraft:map":1,"minecraft:dirt":335,"minecraft:paper":3,"minecraft:disc_fragment_5":2,"minecraft:leather_boots":3,"minecraft:bone":45,"minecraft:witch_spawn_egg":1,"minecraft:apple":9,"minecraft:gray_terracotta":11,"minecraft:bow":7,"minecraft:wheat_seeds":12,"minecraft:raw_gold":52,"minecraft:spore_blossom":1,"minecraft:rabbit_hide":4,"minecraft:oak_fence_gate":1,"minecraft:stone_pickaxe":3,"minecraft:rabbit":2,"minecraft:moss_block":101,"minecraft:flowering_azalea":2,"minecraft:iron_sword":1,"minecraft:oak_planks":94,"minecraft:book":2,"minecraft:glow_lichen":5,"minecraft:oak_slab":69,"minecraft:smooth_basalt":47,"minecraft:pumpkin":5,"minecraft:sweet_berries":4,"minecraft:budding_amethyst":6,"minecraft:spyglass":1,"minecraft:dripstone_block":74,"minecraft:raw_iron_block":2,"minecraft:gravel":39,"minecraft:amethyst_shard":6,"minecraft:spruce_sapling":11,"minecraft:ink_sac":4,"minecraft:grass_block":1,"minecraft:spruce_log":36,"minecraft:lily_of_the_valley":1,"minecraft:spider_eye":2,"minecraft:dark_oak_log":36,"minecraft:leather_helmet":1,"minecraft:light_gray_terracotta":13,"minecraft:pumpkin_seeds":4,"minecraft:blue_terracotta":3,"minecraft:diamond":22,"minecraft:writable_book":2,"minecraft:iron_helmet":2,"minecraft:blue_ice":2,"minecraft:granite":88,"minecraft:bone_meal":17,"minecraft:golden_apple":1,"minecraft:gray_wool":1,"minecraft:rooted_dirt":28,"minecraft:terracotta":18,"minecraft:oak_sapling":6,"minecraft:mangrove_propagule":2,"minecraft:coal":94},"minecraft:mined":{"minecraft:deepslate_tiles":52,"minecraft:diamond_ore":7,"minecraft:tuff":55,"minecraft:deepslate_diamond_ore":14,"minecraft:dark_oak_log":36,"minecraft:granite":89,"minecraft:budding_amethyst":29,"minecraft:acacia_log":5,"minecraft:grass_block":235,"minecraft:deepslate_bricks":102,"minecraft:moss_block":98,"minecraft:rooted_dirt":28,"minecraft:raw_iron_block":2,"minecraft:iron_ore":69,"minecraft:snow":92,"minecraft:green_terracotta":12,"minecraft:andesite":79,"minecraft:pumpkin":5,"minecraft:deepslate_lapis_ore":32,"minecraft:deepslate_iron_ore":43,"minecraft:packed_ice":30,"minecraft:stone":299,"minecraft:podzol":39,"minecraft:oak_slab":41,"minecraft:gray_terracotta":11,"minecraft:snow_block":91,"minecraft:powder_snow":14,"minecraft:clay":36,"minecraft:oak_fence":11,"minecraft:light_gray_terracotta":13,"minecraft:calcite":104,"minecraft:melon":17,"minecraft:chest":52,"minecraft:copper_ore":109,"minecraft:deepslate_coal_ore":33,"minecraft:lapis_ore":11,"minecraft:deepslate_gold_ore":32,"minecraft:oak_planks":5,"minecraft:diorite":91,"minecraft:amethyst_block":119,"minecraft:deepslate_copper_ore":40,"minecraft:white_terracotta":31,"minecraft:blue_terracotta":3,"minecraft:birch_log":47,"minecraft:wheat":1,"minecraft:blue_ice":16,"minecraft:spruce_log":36,"minecraft:coal_ore":49,"minecraft:oak_log":122,"minecraft:oak_fence_gate":1,"minecraft:gravel":44,"minecraft:dripstone_block":74,"minecraft:dirt":63,"minecraft:smooth_basalt":47,"minecraft:terracotta":19,"minecraft:raw_copper_block":3,"minecraft:gold_ore":17,"minecraft:deepslate":173,"minecraft:suspicious_gravel":104}},"DataVersion":3700}