{"stats":{"minecraft:crafted":{"minecraft:oak_planks":1412,"minecraft:bookshelf":2,"minecraft:heavy_weighted_pressure_plate":1,"minecraft:glass":31,"minecraft:iron_boots":2,"minecraft:decorated_pot":1,"minecraft:chest":26,"minecraft:stone_hoe":1,"minecraft:oak_fence":180,"minecraft:oak_slab":1392,"minecraft:emerald":19,"minecraft:cauldron":1,"minecraft:crafting_table":2,"minecraft:spruce_planks":180,"minecraft:wooden_pickaxe":1,"minecraft:iron_helmet":2,"minecraft:fletching_table":2,"minecraft:birch_planks":124,"minecraft:book":2,"minecraft:lectern":2,"minecraft:paper":6,"minecraft:wooden_hoe":1,"minecraft:iron_chestplate":1,"minecraft:shield":1,"minecraft:stick":1000,"minecraft:iron_ingot":169,"minecraft:iron_pickaxe":12,"minecraft:iron_block":3,"minecraft:gold_ingot":47,"minecraft:shears":2,"minecraft:stone_shovel":11,"minecraft:furnace":5,"minecraft:dark_oak_fence":3,"minecraft:iron_axe":5,"minecraft:ladder":9,"minecraft:iron_hoe":1,"minecraft:spruce_slab":18,"minecraft:stone_pickaxe":5,"minecraft:dark_oak_planks":132,"minecraft:wheat":99,"minecraft:cooked_cod":2,"minecraft:cooked_salmon":6,"minecraft:bucket":1,"minecraft:stone_axe":7,"minecraft:enchanted_book":2,"minecraft:air":0,"minecraft:oak_fence_gate":20,"minecraft:wooden_axe":3,"minecraft:iron_leggings":1,"minecraft:white_bed":1,"minecraft:acacia_planks":68,"minecraft:torch":60},"minecraft:custom":{"minecraft:animals_bred":16,"minecraft:interact_with_crafting_table":181,"minecraft:leave_game":5,"minecraft:time_since_death":531594,"minecraft:sprint_one_cm":998973,"minecraft:damage_blocked_by_shield":205,"minecraft:drop":97,"minecraft:talked_to_villager":243,"minecraft:play_time":531594,"minecraft:jump":2853,"minecraft:walk_on_water_one_cm":7031,"minecraft:interact_with_furnace":91,"minecraft:traded_with_villager":21,"minecraft:sleep_in_bed":12,"minecraft:damage_dealt":29079,"minecraft:crouch_one_cm":399502,"minecraft:horse_one_cm":134,"minecraft:mob_kills":147,"minecraft:climb_one_cm":21392,"minecraft:walk_one_cm":1044323,"minecraft:sneak_time":99233,"minecraft:walk_under_water_one_cm":20882,"minecraft:total_world_time":531594,"minecraft:time_since_rest":8511,"minecraft:damage_taken":3575,"minecraft:swim_one_cm":853,"minecraft:fly_one_cm":348084,"minecraft:open_chest":984,"minecraft:fall_one_cm":36832},"minecraft:dropped":{"minecraft:red_sandstone":39,"minecraft:music_disc_relic":1,"minecraft:rail":1,"minecraft:snowball":200,"minecraft:cobbled_deepslate":1,"minecraft:wheat":145,"minecraft:rotten_flesh":10,"minecraft:oak_planks":114,"minecraft:prismarine":2,"minecraft:carrot":112,"minecraft:oak_fence_gate":1,"minecraft:heavy_weighted_pressure_plate":2,"minecraft:leather_boots":1,"minecraft:ladder":4,"minecraft:iron_ingot":91,"minecraft:black_dye":4,"minecraft:mossy_cobblestone":1,"minecraft:cobblestone":67,"minecraft:granite":2,"minecraft:stick":2,"minecraft:diorite":4,"minecraft:golden_carrot":8,"minecraft:wooden_hoe":2,"minecraft:rabbit":1,"minecraft:cooked_salmon":1,"minecraft:dead_bush":4,"minecraft:bucket":1,"minecraft:spruce_sapling":2,"minecraft:sweet_berries":1,"minecraft:tuff":5,"minecraft:stone_shovel":3,"minecraft:dead_bubble_coral_block":3,"minecraft:clay_ball":32,"minecraft:white_terracotta":1,"minecraft:shears":1,"minecraft:shield":1,"minecraft:spruce_planks":1,"minecraft:andesite":7,"minecraft:spider_eye":1,"minecraft:stone_pickaxe":3,"minecraft:raw_gold":4},"minecraft:broken":{"minecraft:iron_boots":1,"minecraft:iron_chestplate":1,"minecraft:iron_leggings":1,"minecraft:stone_pickaxe":3,"minecraft:stone_axe":5,"minecraft:wooden_axe":2,"minecraft:stone_shovel":6,"minecraft:iron_axe":3,"minecraft:iron_pickaxe":11,"minecraft:iron_helmet":1,"minecraft:wooden_hoe":1},"minecraft:mined":{"minecraft:white_bed":7,"minecraft:oak_sapling":4,"minecraft:granite":119,"minecraft:budding_amethyst":35,"minecraft:red_sand":83,"minecraft:acacia_log":20,"minecraft:grass_block":247,"minecraft:dead_tube_coral_block":1,"minecraft:deepslate_bricks":102,"minecraft:bubble_coral_block":9,"minecraft:tube_coral_block":9,"minecraft:raw_iron_block":3,"minecraft:iron_ore":104,"minecraft:cobbled_deepslate":2,"minecraft:pumpkin":5,"minecraft:deepslate_lapis_ore":47,"minecraft:fletching_table":19,"minecraft:dirt_path":2,"minecraft:brain_coral_block":17,"minecraft:gray_terracotta":11,"minecraft:cyan_terracotta":15,"minecraft:orange_terracotta":19,"minecraft:powder_snow":14,"minecraft:clay":96,"minecraft:torch":10,"minecraft:light_gray_terracotta":17,"minecraft:calcite":134,"minecraft:melon":18,"minecraft:chest":86,"minecraft:cobblestone":60,"minecraft:oak_planks":16,"minecraft:sugar_cane":16,"minecraft:prismarine":77,"minecraft:amethyst_block":171,"minecraft:cauldron":7,"minecraft:deepslate_copper_ore":83,"minecraft:white_terracotta":72,"minecraft:blue_terracotta":15,"minecraft:birch_log":51,"minecraft:wheat":98,"minecraft:blue_ice":16,"minecraft:oak_log":356,"minecraft:oak_fence_gate":3,"minecraft:dark_oak_sapling":2,"minecraft:sand":177,"minecraft:dirt":287,"minecraft:smooth_basalt":55,"minecraft:raw_copper_block":3,"minecraft:oak_leaves":130,"minecraft:horn_coral_block":11,"minecraft:deepslate":235,"minecraft:suspicious_gravel":178,"minecraft:yellow_terracotta":19,"minecraft:deepslate_tiles":52,"minecraft:dark_prismarine":71,"minecraft:diamond_ore":12,"minecraft:tuff":82,"minecraft:mossy_cobblestone":3,"minecraft:deepslate_diamond_ore":28,"minecraft:dark_oak_log":45,"minecraft:sea_lantern":36,"minecraft:ladder":3,"minecraft:dark_oak_fence":4,"minecraft:decorated_pot":1,"minecraft:spruce_leaves":5,"minecraft:moss_block":176,"minecraft:rooted_dirt":38,"minecraft:sandstone":80,"minecraft:hay_block":11,"minecraft:redstone_ore":17,"minecraft:spruce_sapling":7,"minecraft:carrots":93,"minecraft:red_sandstone":77,"minecraft:snow":92,"minecraft:andesite":100,"minecraft:suspicious_sand":31,"minecraft:stripped_spruce_log":1,"minecraft:green_terracotta":15,"minecraft:dead_horn_coral_block":2,"minecraft:deepslate_iron_ore":70,"minecraft:packed_ice":34,"minecraft:stone":332,"minecraft:fire_coral_block":12,"minecraft:podzol":43,"minecraft:oak_slab":317,"minecraft:snow_block":92,"minecraft:oak_fence":118,"minecraft:emerald_ore":18,"minecraft:sponge":16,"minecraft:lectern":167,"minecraft:copper_ore":153,"minecraft:deepslate_coal_ore":48,"minecraft:dried_kelp_block":12,"minecraft:lapis_ore":24,"minecraft:deepslate_gold_ore":42,"minecraft:diorite":110,"minecraft:prismarine_bricks":83,"minecraft:dead_fire_coral_block":1,"minecraft:red_terracotta":9,"minecraft:sweet_berry_bush":12,"minecraft:spruce_log":78,"minecraft:dead_brain_coral_block":1,"minecraft:coal_ore":74,"minecraft:gravel":72,"minecraft:dripstone_block":110,"minecraft:brown_terracotta":14,"minecraft:terracotta":39,"minecraft:gold_ore":32},"minecraft:used":{"minecraft:ladder":10,"minecraft:decorated_pot":1,"minecraft:chest":34,"minecraft:shield":7,"minecraft:iron_sword":208,"minecraft:carrot":192,"minecraft:axolotl_bucket":3,"minecraft:snowball":7,"minecraft:milk_bucket":1,"minecraft:iron_helmet":1,"minecraft:sweet_berries":306,"minecraft:oak_sapling":50,"minecraft:furnace":5,"minecraft:egg":7,"minecraft:dark_oak_sapling":4,"minecraft:cow_spawn_egg":1,"minecraft:stone_pickaxe":564,"minecraft:oak_planks":19,"minecraft:wooden_pickaxe":13,"minecraft:sandstone":1,"minecraft:sugar_cane":19,"minecraft:oak_leaves":20,"minecraft:sand":42,"minecraft:shears":59,"minecraft:melon_slice":87,"minecraft:lectern":169,"minecraft:cat_spawn_egg":1,"minecraft:dark_oak_fence":4,"minecraft:andesite":1,"minecraft:bone_meal":11,"minecraft:oak_fence":256,"minecraft:stone_shovel":1039,"minecraft:stone_hoe":17,"minecraft:torch":71,"minecraft:dirt":504,"minecraft:spyglass":1,"minecraft:cod_bucket":1,"minecraft:salmon_bucket":1,"minecraft:granite":9,"minecraft:oak_fence_gate":22,"minecraft:iron_hoe":99,"minecraft:wooden_axe":157,"minecraft:iron_axe":927,"minecraft:iron_boots":2,"minecraft:beef":1,"minecraft:cobbled_deepslate":2,"minecraft:wheat_seeds":156,"minecraft:water_bucket":66,"minecraft:rabbit":1,"minecraft:cauldron":7,"minecraft:fletching_table":21,"minecraft:terracotta":1,"minecraft:oak_slab":1696,"minecraft:crafting_table":2,"minecraft:white_bed":8,"minecraft:spruce_log":32,"minecraft:oak_log":2,"minecraft:dark_prismarine":10,"minecraft:gray_terracotta":3,"minecraft:wooden_hoe":59,"minecraft:iron_pickaxe":2959,"minecraft:spruce_sapling":11,"minecraft:stone_axe":492,"minecraft:cobblestone":59,"minecraft:bucket":70},"minecraft:picked_up":{"minecraft:seagrass":5,"minecraft:music_disc_strad":2,"minecraft:wheat":92,"minecraft:chainmail_boots":1,"minecraft:prismarine_shard":3,"minecraft:wither_rose":1,"minecraft:golden_sword":1,"minecraft:amethyst_block":171,"minecraft:cod_bucket":1,"minecraft:music_disc_cat":1,"minecraft:string":34,"minecraft:dead_tube_coral_block":10,"minecraft:raw_copper":808,"minecraft:cooked_salmon":1,"minecraft:explorer_pottery_sherd":25,"minecraft:pufferfish":1,"minecraft:experience_bottle":1,"minecraft:deepslate_tiles":52,"minecraft:red_sand":81,"minecraft:cobbled_deepslate":285,"minecraft:bucket":1,"minecraft:rose_bush":2,"minecraft:bubble_coral":5,"minecraft:calcite":133,"minecraft:azalea":9,"minecraft:melon_slice":90,"minecraft:tipped_arrow":8,"minecraft:golden_helmet":3,"minecraft:stick":37,"minecraft:sheaf_pottery_sherd":65,"minecraft:music_disc_blocks":3,"minecraft:big_dripleaf":6,"minecraft:brown_terracotta":14,"minecraft:oak_fence":112,"minecraft:torch":20,"minecraft:acacia_log":20,"minecraft:diorite":120,"minecraft:pointed_dripstone":7,"minecraft:music_disc_pigstep":1,"minecraft:vine":3,"minecraft:rabbit_foot":2,"minecraft:green_terracotta":15,"minecraft:cauldron":7,"minecraft:black_dye":8,"minecraft:shaper_armor_trim_smithing_template":1,"minecraft:phantom_spawn_egg":1,"minecraft:cactus":7,"minecraft:rotten_flesh":53,"minecraft:salmon_bucket":1,"minecraft:tropical_fish":6,"minecraft:music_disc_ward":1,"minecraft:cow_spawn_egg":1,"minecraft:cyan_terracotta":15,"minecraft:white_terracotta":71,"minecraft:fire_coral_fan":1,"minecraft:host_armor_trim_smithing_template":1,"minecraft:cod":2,"minecraft:snowball":609,"minecraft:cobblestone":523,"minecraft:sponge":16,"minecraft:birch_log":51,"minecraft:feather":36,"minecraft:water_bucket":1,"minecraft:andesite":106,"minecraft:powder_snow_bucket":1,"minecraft:flint":6,"minecraft:tuff":87,"minecraft:light_gray_dye":5,"minecraft:prismarine_bricks":83,"minecraft:horn_coral":2,"minecraft:map":1,"minecraft:lapis_lazuli":459,"minecraft:dirt":504,"minecraft:disc_fragment_5":2,"minecraft:leather_boots":3,"minecraft:bone":59,"minecraft:gray_terracotta":11,"minecraft:bow":8,"minecraft:wheat_seeds":275,"minecraft:small_dripleaf":8,"minecraft:raw_gold":77,"minecraft:light_blue_dye":2,"minecraft:fletching_table":19,"minecraft:rabbit":2,"minecraft:glowstone_dust":1,"minecraft:bamboo":2,"minecraft:moss_block":186,"minecraft:prismarine":79,"minecraft:oak_planks":111,"minecraft:brain_coral":2,"minecraft:glow_lichen":5,"minecraft:axolotl_bucket":1,"minecraft:enderman_spawn_egg":1,"minecraft:sand":176,"minecraft:stripped_spruce_log":1,"minecraft:ink_sac":25,"minecraft:dead_bush":20,"minecraft:grass_block":1,"minecraft:lily_of_the_valley":1,"minecraft:dark_oak_log":45,"minecraft:red_terracotta":9,"minecraft:mossy_cobblestone":3,"minecraft:dark_prismarine":71,"minecraft:light_gray_terracotta":17,"minecraft:blue_terracotta":15,"minecraft:sugar":2,"minecraft:diamond":43,"minecraft:angler_pottery_sherd":4,"minecraft:writable_book":2,"minecraft:miner_pottery_sherd":3,"minecraft:dead_brain_coral_block":18,"minecraft:blue_ice":2,"minecraft:crossbow":1,"minecraft:granite":120,"minecraft:bone_meal":19,"minecraft:golden_apple":4,"minecraft:emerald":20,"minecraft:rooted_dirt":38,"minecraft:plenty_pottery_sherd":16,"minecraft:oak_sapling":48,"minecraft:dark_oak_fence":4,"minecraft:oak_leaves":56,"minecraft:shelter_pottery_sherd":8,"minecraft:azure_bluet":2,"minecraft:bubble_coral_fan":1,"minecraft:chicken":1,"minecraft:ladder":5,"minecraft:clay_ball":415,"minecraft:mourner_pottery_sherd":8,"minecraft:dead_horn_coral_block":13,"minecraft:magma_cube_spawn_egg":1,"minecraft:shield":1,"minecraft:fire_coral":2,"minecraft:heavy_weighted_pressure_plate":1,"minecraft:cat_spawn_egg":1,"minecraft:candle":11,"minecraft:music_disc_otherside":1,"minecraft:beef":1,"minecraft:lectern":167,"minecraft:sugar_cane":37,"minecraft:chest":86,"minecraft:birch_sapling":3,"minecraft:raw_copper_block":3,"minecraft:egg":9,"minecraft:dark_oak_sapling":13,"minecraft:hoglin_spawn_egg":1,"minecraft:raw_iron":174,"minecraft:sandstone":80,"minecraft:music_disc_relic":2,"minecraft:copper_ingot":3,"minecraft:music_disc_mellohi":2,"minecraft:amethyst_cluster":14,"minecraft:white_dye":3,"minecraft:pufferfish_spawn_egg":2,"minecraft:skull_pottery_sherd":10,"minecraft:trident":2,"minecraft:carrot":335,"minecraft:redstone":74,"minecraft:prismarine_crystals":89,"minecraft:chicken_spawn_egg":1,"minecraft:howl_pottery_sherd":19,"minecraft:arrow":40,"minecraft:tube_coral":1,"minecraft:stone_shovel":3,"minecraft:tube_coral_fan":1,"minecraft:shears":1,"minecraft:deepslate_bricks":102,"minecraft:hay_block":11,"minecraft:yellow_terracotta":19,"minecraft:gold_ingot":4,"minecraft:glow_berries":18,"minecraft:mutton":3,"minecraft:white_wool":4,"minecraft:rail":13,"minecraft:heartbreak_pottery_sherd":27,"minecraft:oxeye_daisy":5,"minecraft:golden_carrot":13,"minecraft:glow_ink_sac":14,"minecraft:salmon":6,"minecraft:leather":15,"minecraft:yellow_dye":4,"minecraft:ice":1,"minecraft:oak_log":350,"minecraft:gunpowder":12,"minecraft:wooden_hoe":2,"minecraft:paper":8,"minecraft:orange_terracotta":19,"minecraft:coast_armor_trim_smithing_template":2,"minecraft:witch_spawn_egg":1,"minecraft:apple":14,"minecraft:kelp":9,"minecraft:red_sandstone":116,"minecraft:music_disc_far":1,"minecraft:spore_blossom":7,"minecraft:rabbit_hide":4,"minecraft:iron_ingot":91,"minecraft:oak_fence_gate":3,"minecraft:stone_pickaxe":3,"minecraft:blade_pottery_sherd":8,"minecraft:iron_sword":1,"minecraft:arms_up_pottery_sherd":4,"minecraft:flowering_azalea":2,"minecraft:acacia_sapling":4,"minecraft:book":7,"minecraft:sculk_catalyst":1,"minecraft:oak_slab":313,"minecraft:smooth_basalt":55,"minecraft:pumpkin":5,"minecraft:sweet_berries":579,"minecraft:budding_amethyst":9,"minecraft:spyglass":1,"minecraft:raw_iron_block":3,"minecraft:dripstone_block":110,"minecraft:gravel":66,"minecraft:brain_coral_fan":1,"minecraft:dead_fire_coral_block":13,"minecraft:amethyst_shard":12,"minecraft:prize_pottery_sherd":10,"minecraft:spruce_sapling":28,"minecraft:white_bed":7,"minecraft:spruce_log":86,"minecraft:spider_eye":5,"minecraft:archer_pottery_sherd":9,"minecraft:leather_helmet":1,"minecraft:brewer_pottery_sherd":17,"minecraft:pumpkin_seeds":4,"minecraft:dried_kelp_block":12,"minecraft:slime_ball":2,"minecraft:snort_pottery_sherd":18,"minecraft:tide_armor_trim_smithing_template":1,"minecraft:dead_bubble_coral_block":15,"minecraft:iron_helmet":3,"minecraft:gray_wool":1,"minecraft:terracotta":38,"minecraft:melon_seeds":2,"minecraft:coal":134,"minecraft:mangrove_propagule":2},"minecraft:killed":{"minecraft:witch":1,"minecraft:spider":14,"minecraft:pufferfish":1,"minecraft:skeleton":24,"minecraft:guardian":3,"minecraft:wolf":4,"minecraft:creeper":20,"minecraft:pillager":5,"minecraft:zombie":34,"minecraft:stray":11,"minecraft:glow_squid":1,"minecraft:vindicator":2,"minecraft:drowned":6,"minecraft:husk":16,"minecraft:squid":1,"minecraft:polar_bear":3}},"DataVersion":3700}