{"stats":{"minecraft:dropped":{"minecraft:diorite":4,"minecraft:golden_carrot":8,"minecraft:rabbit":1,"minecraft:snowball":200,"minecraft:spruce_sapling":2,"minecraft:wheat":1,"minecraft:stone_shovel":2,"minecraft:oak_planks":105,"minecraft:andesite":7,"minecraft:leather_boots":1,"minecraft:stone_pickaxe":3,"minecraft:raw_gold":3},"minecraft:used":{"minecraft:oak_fence":53,"minecraft:stone_shovel":339,"minecraft:chest":16,"minecraft:stone_hoe":10,"minecraft:torch":1,"minecraft:dirt":90,"minecraft:spyglass":1,"minecraft:granite":9,"minecraft:oak_fence_gate":2,"minecraft:wooden_axe":157,"minecraft:iron_boots":1,"minecraft:oak_sapling":1,"minecraft:furnace":5,"minecraft:egg":6,"minecraft:wheat_seeds":6,"minecraft:water_bucket":5,"minecraft:stone_pickaxe":564,"minecraft:oak_planks":5,"minecraft:wooden_pickaxe":13,"minecraft:terracotta":1,"minecraft:oak_slab":436,"minecraft:crafting_table":2,"minecraft:gray_terracotta":3,"minecraft:melon_slice":68,"minecraft:iron_pickaxe":1430,"minecraft:spruce_sapling":1,"minecraft:stone_axe":438,"minecraft:bucket":4,"minecraft:andesite":1},"minecraft:broken":{"minecraft:stone_pickaxe":3,"minecraft:stone_axe":4,"minecraft:iron_pickaxe":5,"minecraft:wooden_axe":2,"minecraft:stone_shovel":1},"minecraft:killed":{"minecraft:spider":6,"minecraft:skeleton":14,"minecraft:wolf":3,"minecraft:creeper":15,"minecraft:polar_bear":3,"minecraft:zombie":27,"minecraft:stray":11},"minecraft:crafted":{"minecraft:oak_planks":416,"minecraft:stone_shovel":5,"minecraft:furnace":5,"minecraft:iron_boots":1,"minecraft:stone_pickaxe":5,"minecraft:chest":12,"minecraft:dark_oak_planks":40,"minecraft:stone_hoe":1,"minecraft:oak_fence":51,"minecraft:oak_slab":402,"minecraft:crafting_table":2,"minecraft:spruce_planks":16,"minecraft:wooden_pickaxe":1,"minecraft:iron_helmet":1,"minecraft:birch_planks":92,"minecraft:stone_axe":6,"minecraft:air":0,"minecraft:oak_fence_gate":2,"minecraft:iron_chestplate":1,"minecraft:stick":104,"minecraft:iron_ingot":89,"minecraft:iron_pickaxe":6,"minecraft:wooden_axe":3,"minecraft:iron_leggings":1},"minecraft:custom":{"minecraft:mob_kills":79,"minecraft:interact_with_crafting_table":80,"minecraft:leave_game":2,"minecraft:time_since_death":174377,"minecraft:sprint_one_cm":118136,"minecraft:walk_one_cm":221652,"minecraft:drop":39,"minecraft:play_time":174377,"minecraft:sneak_time":41105,"minecraft:walk_under_water_one_cm":1634,"minecraft:jump":500,"minecraft:walk_on_water_one_cm":201,"minecraft:total_world_time":174377,"minecraft:interact_with_furnace":34,"minecraft:time_since_rest":174377,"minecraft:damage_taken":1206,"minecraft:damage_dealt":15825,"minecraft:fly_one_cm":46816,"minecraft:open_chest":172,"minecraft:crouch_one_cm":119347,"minecraft:fall_one_cm":3518},"minecraft:picked_up":{"minecraft:music_disc_strad":2,"minecraft:wheat":2,"minecraft:clay_ball":143,"minecraft:golden_sword":1,"minecraft:amethyst_block":117,"minecraft:music_disc_cat":1,"minecraft:string":19,"minecraft:raw_copper":508,"minecraft:deepslate_tiles":52,"minecraft:candle":6,"minecraft:cobbled_deepslate":214,"minecraft:calcite":103,"minecraft:azalea":8,"minecraft:melon_slice":87,"minecraft:sugar_cane":1,"minecraft:chest":50,"minecraft:birch_sapling":2,"minecraft:raw_copper_block":3,"minecraft:egg":8,"minecraft:golden_helmet":3,"minecraft:tipped_arrow":8,"minecraft:dark_oak_sapling":9,"minecraft:hoglin_spawn_egg":1,"minecraft:raw_iron":107,"minecraft:sheaf_pottery_sherd":50,"minecraft:music_disc_blocks":2,"minecraft:big_dripleaf":3,"minecraft:copper_ingot":1,"minecraft:oak_fence":5,"minecraft:acacia_log":5,"minecraft:torch":8,"minecraft:music_disc_mellohi":2,"minecraft:amethyst_cluster":6,"minecraft:white_dye":3,"minecraft:diorite":92,"minecraft:carrot":1,"minecraft:green_terracotta":12,"minecraft:rabbit_foot":2,"minecraft:shaper_armor_trim_smithing_template":1,"minecraft:howl_pottery_sherd":15,"minecraft:phantom_spawn_egg":1,"minecraft:arrow":27,"minecraft:stone_shovel":2,"minecraft:rotten_flesh":24,"minecraft:deepslate_bricks":102,"minecraft:gold_ingot":4,"minecraft:white_terracotta":31,"minecraft:glow_berries":18,"minecraft:host_armor_trim_smithing_template":1,"minecraft:mutton":3,"minecraft:white_wool":3,"minecraft:snowball":516,"minecraft:rail":7,"minecraft:cobblestone":294,"minecraft:heartbreak_pottery_sherd":27,"minecraft:birch_log":47,"minecraft:feather":31,"minecraft:golden_carrot":13,"minecraft:andesite":79,"minecraft:leather":12,"minecraft:powder_snow_bucket":1,"minecraft:ice":1,"minecraft:flint":5,"minecraft:tuff":54,"minecraft:oak_log":122,"minecraft:gunpowder":12,"minecraft:lapis_lazuli":277,"minecraft:map":1,"minecraft:dirt":335,"minecraft:paper":3,"minecraft:disc_fragment_5":2,"minecraft:leather_boots":3,"minecraft:bone":45,"minecraft:apple":9,"minecraft:gray_terracotta":11,"minecraft:bow":7,"minecraft:wheat_seeds":12,"minecraft:raw_gold":50,"minecraft:spore_blossom":1,"minecraft:rabbit_hide":4,"minecraft:stone_pickaxe":3,"minecraft:rabbit":2,"minecraft:moss_block":78,"minecraft:iron_sword":1,"minecraft:oak_planks":94,"minecraft:book":2,"minecraft:glow_lichen":5,"minecraft:oak_slab":66,"minecraft:smooth_basalt":44,"minecraft:pumpkin":5,"minecraft:sweet_berries":4,"minecraft:budding_amethyst":6,"minecraft:spyglass":1,"minecraft:dripstone_block":67,"minecraft:raw_iron_block":2,"minecraft:gravel":39,"minecraft:amethyst_shard":6,"minecraft:spruce_sapling":11,"minecraft:ink_sac":4,"minecraft:grass_block":1,"minecraft:spruce_log":36,"minecraft:lily_of_the_valley":1,"minecraft:spider_eye":2,"minecraft:dark_oak_log":36,"minecraft:light_gray_terracotta":6,"minecraft:pumpkin_seeds":4,"minecraft:blue_terracotta":3,"minecraft:diamond":20,"minecraft:writable_book":2,"minecraft:iron_helmet":2,"minecraft:blue_ice":2,"minecraft:granite":88,"minecraft:bone_meal":17,"minecraft:golden_apple":1,"minecraft:gray_wool":1,"minecraft:rooted_dirt":26,"minecraft:terracotta":18,"minecraft:oak_sapling":6,"minecraft:mangrove_propagule":2,"minecraft:coal":93},"minecraft:mined":{"minecraft:deepslate_tiles":52,"minecraft:diamond_ore":6,"minecraft:tuff":54,"minecraft:deepslate_diamond_ore":13,"minecraft:dark_oak_log":36,"minecraft:granite":89,"minecraft:budding_amethyst":29,"minecraft:acacia_log":5,"minecraft:grass_block":235,"minecraft:deepslate_bricks":102,"minecraft:moss_block":78,"minecraft:rooted_dirt":26,"minecraft:raw_iron_block":2,"minecraft:iron_ore":67,"minecraft:green_terracotta":12,"minecraft:andesite":72,"minecraft:pumpkin":5,"minecraft:deepslate_lapis_ore":32,"minecraft:deepslate_iron_ore":40,"minecraft:packed_ice":30,"minecraft:stone":294,"minecraft:podzol":39,"minecraft:oak_slab":40,"minecraft:gray_terracotta":11,"minecraft:snow_block":91,"minecraft:powder_snow":14,"minecraft:clay":36,"minecraft:oak_fence":5,"minecraft:light_gray_terracotta":6,"minecraft:calcite":104,"minecraft:melon":17,"minecraft:chest":50,"minecraft:copper_ore":107,"minecraft:deepslate_coal_ore":32,"minecraft:lapis_ore":11,"minecraft:deepslate_gold_ore":32,"minecraft:oak_planks":5,"minecraft:diorite":88,"minecraft:amethyst_block":117,"minecraft:deepslate_copper_ore":39,"minecraft:white_terracotta":31,"minecraft:blue_terracotta":3,"minecraft:birch_log":47,"minecraft:wheat":1,"minecraft:blue_ice":16,"minecraft:spruce_log":36,"minecraft:coal_ore":49,"minecraft:oak_log":122,"minecraft:gravel":44,"minecraft:dripstone_block":67,"minecraft:dirt":63,"minecraft:smooth_basalt":44,"minecraft:terracotta":19,"minecraft:raw_copper_block":3,"minecraft:gold_ore":15,"minecraft:deepslate":167,"minecraft:suspicious_gravel":98}},"DataVersion":3700}