{"stats":{"minecraft:dropped":{"minecraft:iron_sword":2,"minecraft:diamond":30,"minecraft:spore_blossom":3,"minecraft:red_sandstone":42,"minecraft:music_disc_relic":1,"minecraft:quartz_pillar":30,"minecraft:rail":3,"minecraft:emerald":1,"minecraft:dirt":2,"minecraft:raw_copper_block":1,"minecraft:cracked_deepslate_tiles":1,"minecraft:gold_nugget":9,"minecraft:iron_pickaxe":1,"minecraft:bone":3,"minecraft:sugar_cane":2,"minecraft:cobbled_deepslate":28,"minecraft:wheat":171,"minecraft:rotten_flesh":14,"minecraft:oak_planks":141,"minecraft:dead_fire_coral_block":1,"minecraft:chiseled_deepslate":1,"minecraft:deepslate_tiles":1,"minecraft:heavy_weighted_pressure_plate":2,"minecraft:quartz_block":3,"minecraft:honey_block":3,"minecraft:leather_boots":1,"minecraft:ladder":4,"minecraft:red_nether_bricks":1,"minecraft:end_stone_bricks":9,"minecraft:golden_boots":1,"minecraft:enchanted_book":11,"minecraft:iron_ingot":133,"minecraft:black_dye":4,"minecraft:dripstone_block":1,"minecraft:cobblestone":132,"minecraft:iron_helmet":5,"minecraft:book":1,"minecraft:granite":2,"minecraft:disc_fragment_5":2,"minecraft:bamboo_block":2,"minecraft:chainmail_helmet":3,"minecraft:coal":14,"minecraft:end_rod":3,"minecraft:jungle_slab":2,"minecraft:golden_carrot":8,"minecraft:wooden_hoe":2,"minecraft:rabbit":1,"minecraft:cooked_salmon":1,"minecraft:diamond_helmet":1,"minecraft:dead_bush":4,"minecraft:brown_terracotta":1,"minecraft:string":12,"minecraft:acacia_planks":7,"minecraft:spruce_sapling":2,"minecraft:purpur_pillar":12,"minecraft:stone_shovel":4,"minecraft:clay_ball":32,"minecraft:white_terracotta":1,"minecraft:shears":1,"minecraft:shroomlight":2,"minecraft:spruce_planks":1,"minecraft:wooden_shovel":2,"minecraft:stone_bricks":1,"minecraft:spider_eye":1,"minecraft:sandstone":3,"minecraft:red_sand":5,"minecraft:dark_prismarine":1,"minecraft:terracotta":2,"minecraft:moss_block":5,"minecraft:soul_sand":1,"minecraft:oak_log":20,"minecraft:jungle_planks":10,"minecraft:netherite_scrap":10,"minecraft:snowball":200,"minecraft:honeycomb_block":1,"minecraft:pink_terracotta":5,"minecraft:blackstone":2,"minecraft:cherry_sapling":1,"minecraft:prismarine":8,"minecraft:stray_spawn_egg":1,"minecraft:carrot":371,"minecraft:oak_fence_gate":1,"minecraft:leather_chestplate":1,"minecraft:mangrove_log":7,"minecraft:acacia_slab":1,"minecraft:chest":4,"minecraft:prismarine_bricks":1,"minecraft:netherrack":12,"minecraft:stone_hoe":1,"minecraft:purple_terracotta":2,"minecraft:oak_slab":29,"minecraft:mossy_cobblestone":6,"minecraft:diamond_leggings":1,"minecraft:dead_horn_coral_block":1,"minecraft:stick":32,"minecraft:black_candle":4,"minecraft:pearlescent_froglight":1,"minecraft:diorite":19,"minecraft:torch":1,"minecraft:nether_wart_block":2,"minecraft:iron_leggings":2,"minecraft:raw_iron_block":3,"minecraft:bucket":1,"minecraft:music_disc_cat":2,"minecraft:sweet_berries":1,"minecraft:chiseled_quartz_block":6,"minecraft:raw_copper":40,"minecraft:light_gray_terracotta":1,"minecraft:tuff":6,"minecraft:dead_bubble_coral_block":3,"minecraft:iron_hoe":2,"minecraft:red_terracotta":1,"minecraft:shield":2,"minecraft:diamond_chestplate":1,"minecraft:andesite":7,"minecraft:oak_sapling":12,"minecraft:diamond_boots":2,"minecraft:stone_pickaxe":3,"minecraft:raw_gold":7,"minecraft:magenta_terracotta":2},"minecraft:used":{"minecraft:ladder":13,"minecraft:chest":83,"minecraft:jungle_slab":55,"minecraft:snowball":7,"minecraft:lava_bucket":1,"minecraft:bow":116,"minecraft:sweet_berries":358,"minecraft:oak_sapling":346,"minecraft:furnace":5,"minecraft:egg":11,"minecraft:cow_spawn_egg":1,"minecraft:prismarine":4,"minecraft:wooden_pickaxe":13,"minecraft:oak_leaves":20,"minecraft:sand":42,"minecraft:netherite_helmet":1,"minecraft:deepslate_tiles":6,"minecraft:lectern":513,"minecraft:cat_spawn_egg":1,"minecraft:dark_oak_fence":4,"minecraft:smithing_table":5,"minecraft:netherrack":9,"minecraft:torch":95,"minecraft:anvil":4,"minecraft:cod_bucket":1,"minecraft:oak_fence_gate":22,"minecraft:iron_axe":2443,"minecraft:bamboo":28,"minecraft:diamond_chestplate":2,"minecraft:beef":1,"minecraft:cobbled_deepslate":3,"minecraft:acacia_planks":8,"minecraft:wheat_seeds":378,"minecraft:water_bucket":71,"minecraft:rabbit":1,"minecraft:cauldron":7,"minecraft:fletching_table":21,"minecraft:gilded_blackstone":1,"minecraft:oak_slab":2281,"minecraft:crafting_table":2,"minecraft:white_bed":17,"minecraft:spruce_log":32,"minecraft:oak_log":6,"minecraft:mud":11,"minecraft:dark_prismarine":10,"minecraft:ender_eye":12,"minecraft:diamond_pickaxe":5148,"minecraft:diamond_shovel":102,"minecraft:iron_pickaxe":3811,"minecraft:spruce_sapling":11,"minecraft:cobblestone":59,"minecraft:diamond_leggings":2,"minecraft:iron_shovel":11,"minecraft:decorated_pot":1,"minecraft:shield":137,"minecraft:iron_sword":251,"minecraft:carrot":691,"minecraft:axolotl_bucket":3,"minecraft:obsidian":10,"minecraft:milk_bucket":1,"minecraft:iron_helmet":2,"minecraft:golden_sword":5,"minecraft:pearlescent_froglight":5,"minecraft:dark_oak_sapling":4,"minecraft:diamond_boots":2,"minecraft:stone_pickaxe":564,"minecraft:oak_planks":35,"minecraft:sandstone":1,"minecraft:sugar_cane":19,"minecraft:diamond_axe":2015,"minecraft:shulker_spawn_egg":1,"minecraft:ochre_froglight":2,"minecraft:shears":59,"minecraft:melon_slice":87,"minecraft:gravel":8,"minecraft:golden_helmet":1,"minecraft:andesite":5,"minecraft:bone_meal":11,"minecraft:experience_bottle":21,"minecraft:oak_fence":301,"minecraft:flint_and_steel":1,"minecraft:stone_shovel":1399,"minecraft:wooden_shovel":54,"minecraft:stone_hoe":196,"minecraft:dirt":553,"minecraft:spyglass":1,"minecraft:diamond_helmet":3,"minecraft:salmon_bucket":1,"minecraft:granite":9,"minecraft:iron_hoe":114,"minecraft:wooden_axe":157,"minecraft:acacia_slab":27,"minecraft:iron_boots":2,"minecraft:terracotta":1,"minecraft:gray_terracotta":3,"minecraft:wooden_hoe":59,"minecraft:budding_amethyst":1,"minecraft:stone_axe":836,"minecraft:bucket":75},"minecraft:broken":{"minecraft:iron_boots":1,"minecraft:iron_chestplate":1,"minecraft:iron_leggings":1,"minecraft:golden_sword":2,"minecraft:iron_sword":1,"minecraft:iron_axe":11,"minecraft:iron_pickaxe":15,"minecraft:iron_helmet":1,"minecraft:wooden_hoe":1,"minecraft:golden_helmet":1,"minecraft:golden_leggings":1,"minecraft:stone_pickaxe":3,"minecraft:stone_axe":8,"minecraft:wooden_axe":2,"minecraft:stone_shovel":8},"minecraft:killed_by":{"minecraft:warden":1},"minecraft:killed":{"minecraft:cave_spider":22,"minecraft:zombie_horse":1,"minecraft:shulker":7,"minecraft:pufferfish":1,"minecraft:skeleton":82,"minecraft:guardian":3,"minecraft:fox":1,"minecraft:skeleton_horse":62,"minecraft:magma_cube":64,"minecraft:parrot":1,"minecraft:pillager":6,"minecraft:goat":1,"minecraft:zombie":35,"minecraft:glow_squid":1,"minecraft:cow":24,"minecraft:evoker":4,"minecraft:endermite":107,"minecraft:vindicator":6,"minecraft:zoglin":2,"minecraft:horse":1,"minecraft:warden":2,"minecraft:husk":23,"minecraft:polar_bear":3,"minecraft:enderman":19,"minecraft:zombified_piglin":10,"minecraft:witch":10,"minecraft:spider":18,"minecraft:bee":16,"minecraft:silverfish":20,"minecraft:wolf":4,"minecraft:piglin":2,"minecraft:zombie_villager":6,"minecraft:strider":6,"minecraft:creeper":26,"minecraft:stray":11,"minecraft:ghast":2,"minecraft:blaze":7,"minecraft:vex":13,"minecraft:slime":269,"minecraft:phantom":2,"minecraft:drowned":6,"minecraft:hoglin":2,"minecraft:squid":1,"minecraft:wither_skeleton":2},"minecraft:crafted":{"minecraft:blaze_powder":12,"minecraft:diamond_shovel":1,"minecraft:bookshelf":6,"minecraft:glass":31,"minecraft:diamond_helmet":2,"minecraft:diamond_leggings":2,"minecraft:decorated_pot":1,"minecraft:wooden_shovel":2,"minecraft:emerald":326,"minecraft:diamond_axe":1,"minecraft:acacia_slab":30,"minecraft:smithing_table":1,"minecraft:fletching_table":2,"minecraft:lectern":6,"minecraft:wooden_hoe":1,"minecraft:iron_pickaxe":15,"minecraft:iron_block":12,"minecraft:gold_ingot":170,"minecraft:netherite_ingot":3,"minecraft:stone_shovel":15,"minecraft:dark_oak_fence":3,"minecraft:ladder":15,"minecraft:spruce_slab":18,"minecraft:stone_pickaxe":5,"minecraft:diamond_boots":2,"minecraft:dark_oak_planks":176,"minecraft:wheat":99,"minecraft:enchanted_book":27,"minecraft:jungle_slab":24,"minecraft:oak_fence_gate":20,"minecraft:golden_apple":8,"minecraft:wooden_axe":3,"minecraft:iron_shovel":1,"minecraft:iron_leggings":1,"minecraft:white_bed":10,"minecraft:oak_planks":6860,"minecraft:heavy_weighted_pressure_plate":1,"minecraft:bow":1,"minecraft:iron_boots":2,"minecraft:chest":73,"minecraft:netherite_upgrade_smithing_template":10,"minecraft:stone_hoe":3,"minecraft:ender_eye":11,"minecraft:oak_fence":210,"minecraft:oak_slab":1890,"minecraft:arrow":64,"minecraft:cauldron":1,"minecraft:crafting_table":2,"minecraft:spruce_planks":228,"minecraft:wooden_pickaxe":1,"minecraft:iron_helmet":2,"minecraft:birch_planks":136,"minecraft:book":36,"minecraft:iron_chestplate":1,"minecraft:paper":117,"minecraft:diamond_pickaxe":2,"minecraft:shield":2,"minecraft:stick":10607,"minecraft:iron_ingot":301,"minecraft:shears":3,"minecraft:furnace":5,"minecraft:flint_and_steel":1,"minecraft:iron_axe":12,"minecraft:iron_hoe":2,"minecraft:netherite_scrap":8,"minecraft:cooked_cod":2,"minecraft:diamond_sword":1,"minecraft:cooked_salmon":6,"minecraft:bucket":1,"minecraft:stone_axe":9,"minecraft:air":0,"minecraft:jungle_planks":88,"minecraft:anvil":2,"minecraft:acacia_planks":100,"minecraft:torch":76,"minecraft:diamond_chestplate":2},"minecraft:custom":{"minecraft:interact_with_crafting_table":315,"minecraft:leave_game":11,"minecraft:time_since_death":153256,"minecraft:damage_blocked_by_shield":2055,"minecraft:play_time":1106041,"minecraft:deaths":2,"minecraft:jump":6299,"minecraft:interact_with_furnace":204,"minecraft:traded_with_villager":358,"minecraft:sleep_in_bed":19,"minecraft:damage_dealt":100184,"minecraft:horse_one_cm":726,"minecraft:interact_with_smithing_table":21,"minecraft:interact_with_anvil":41,"minecraft:sneak_time":178969,"minecraft:total_world_time":1106041,"minecraft:time_since_rest":54709,"minecraft:swim_one_cm":1173,"minecraft:fly_one_cm":856175,"minecraft:open_chest":2418,"minecraft:fall_one_cm":73100,"minecraft:animals_bred":45,"minecraft:sprint_one_cm":2342060,"minecraft:drop":285,"minecraft:talked_to_villager":770,"minecraft:walk_on_water_one_cm":8080,"minecraft:crouch_one_cm":673217,"minecraft:mob_kills":918,"minecraft:damage_dealt_resisted":347,"minecraft:climb_one_cm":29274,"minecraft:walk_one_cm":2533729,"minecraft:walk_under_water_one_cm":26875,"minecraft:damage_taken":10035},"minecraft:mined":{"minecraft:white_bed":7,"minecraft:black_terracotta":19,"minecraft:cherry_log":83,"minecraft:red_nether_bricks":58,"minecraft:obsidian":29,"minecraft:granite":145,"minecraft:red_sand":115,"minecraft:acacia_log":35,"minecraft:jungle_log":32,"minecraft:deepslate_bricks":205,"minecraft:bubble_coral_block":15,"minecraft:bamboo_block":111,"minecraft:tube_coral_block":13,"minecraft:chiseled_stone_bricks":43,"minecraft:magma_block":47,"minecraft:cobbled_deepslate":70,"minecraft:fire":4,"minecraft:pumpkin":7,"minecraft:fletching_table":19,"minecraft:deepslate_lapis_ore":121,"minecraft:sculk_shrieker":24,"minecraft:dirt_path":3,"minecraft:small_amethyst_bud":1,"minecraft:crimson_nylium":50,"minecraft:powder_snow":14,"minecraft:torch":15,"minecraft:melon":20,"minecraft:bamboo_mosaic":35,"minecraft:sugar_cane":73,"minecraft:amethyst_block":352,"minecraft:white_terracotta":77,"minecraft:verdant_froglight":4,"minecraft:mud":148,"minecraft:wheat":313,"minecraft:oak_fence_gate":3,"minecraft:dark_oak_sapling":2,"minecraft:smooth_quartz":70,"minecraft:mangrove_log":39,"minecraft:smooth_basalt":82,"minecraft:red_mushroom_block":17,"minecraft:deepslate":540,"minecraft:suspicious_gravel":270,"minecraft:yellow_terracotta":30,"minecraft:deepslate_tiles":81,"minecraft:dark_prismarine":85,"minecraft:mossy_cobblestone":109,"minecraft:dark_oak_log":65,"minecraft:jack_o_lantern":6,"minecraft:sea_lantern":43,"minecraft:end_stone":210,"minecraft:nether_bricks":71,"minecraft:dark_oak_fence":4,"minecraft:cobbled_deepslate_slab":2,"minecraft:cherry_wood":10,"minecraft:moss_block":270,"minecraft:redstone_ore":74,"minecraft:packed_mud":63,"minecraft:red_sandstone":101,"minecraft:snow":92,"minecraft:suspicious_sand":107,"minecraft:green_terracotta":20,"minecraft:andesite":140,"minecraft:bamboo":7,"minecraft:bone_block":32,"minecraft:fire_coral_block":15,"minecraft:smithing_table":4,"minecraft:oak_slab":498,"minecraft:soul_sand":80,"minecraft:emerald_ore":95,"minecraft:sponge":30,"minecraft:purpur_pillar":95,"minecraft:copper_ore":274,"minecraft:dried_kelp_block":12,"minecraft:deepslate_gold_ore":93,"minecraft:cracked_deepslate_bricks":21,"minecraft:diorite":160,"minecraft:warped_wart_block":33,"minecraft:pearlescent_froglight":6,"minecraft:red_terracotta":15,"minecraft:spruce_log":98,"minecraft:quartz_pillar":42,"minecraft:mycelium":58,"minecraft:gravel":102,"minecraft:dripstone_block":155,"minecraft:brown_terracotta":21,"minecraft:acacia_planks":8,"minecraft:stone_bricks":61,"minecraft:gold_ore":112,"minecraft:deepslate_emerald_ore":33,"minecraft:oak_sapling":11,"minecraft:jungle_slab":26,"minecraft:budding_amethyst":106,"minecraft:grass_block":397,"minecraft:dead_tube_coral_block":2,"minecraft:soul_soil":41,"minecraft:mud_bricks":59,"minecraft:gilded_blackstone":40,"minecraft:raw_iron_block":17,"minecraft:glowstone":36,"minecraft:sculk_catalyst":26,"minecraft:iron_ore":226,"minecraft:anvil":1,"minecraft:end_stone_bricks":157,"minecraft:brain_coral_block":23,"minecraft:deepslate_redstone_ore":38,"minecraft:gray_terracotta":11,"minecraft:quartz_block":127,"minecraft:cyan_terracotta":15,"minecraft:blackstone":122,"minecraft:orange_terracotta":25,"minecraft:chiseled_quartz_block":66,"minecraft:clay":123,"minecraft:light_gray_terracotta":38,"minecraft:calcite":307,"minecraft:chest":192,"minecraft:mushroom_stem":23,"minecraft:nether_quartz_ore":38,"minecraft:cobblestone":162,"minecraft:honeycomb_block":20,"minecraft:slime_block":1,"minecraft:prismarine":110,"minecraft:oak_planks":19,"minecraft:wall_torch":1,"minecraft:cauldron":7,"minecraft:deepslate_copper_ore":171,"minecraft:light_blue_terracotta":16,"minecraft:warped_nylium":47,"minecraft:blue_terracotta":15,"minecraft:nether_wart_block":29,"minecraft:birch_log":60,"minecraft:blue_ice":16,"minecraft:purpur_block":144,"minecraft:cracked_deepslate_tiles":26,"minecraft:oak_log":1739,"minecraft:lime_terracotta":13,"minecraft:sand":218,"minecraft:dirt":375,"minecraft:raw_copper_block":37,"minecraft:netherrack":161,"minecraft:ancient_debris":10,"minecraft:oak_leaves":569,"minecraft:horn_coral_block":18,"minecraft:nether_gold_ore":25,"minecraft:diamond_ore":49,"minecraft:crying_obsidian":4,"minecraft:tuff":156,"minecraft:deepslate_diamond_ore":60,"minecraft:mangrove_roots":20,"minecraft:ladder":3,"minecraft:chiseled_bookshelf":32,"minecraft:purple_terracotta":20,"minecraft:decorated_pot":1,"minecraft:calibrated_sculk_sensor":35,"minecraft:brown_mushroom_block":27,"minecraft:spruce_leaves":7,"minecraft:acacia_slab":12,"minecraft:infested_chiseled_stone_bricks":1,"minecraft:sandstone":162,"minecraft:rooted_dirt":38,"minecraft:hay_block":11,"minecraft:spruce_sapling":7,"minecraft:carrots":370,"minecraft:raw_gold_block":19,"minecraft:stripped_spruce_log":1,"minecraft:chiseled_deepslate":50,"minecraft:dead_horn_coral_block":2,"minecraft:deepslate_iron_ore":150,"minecraft:shroomlight":28,"minecraft:packed_ice":39,"minecraft:stone":502,"minecraft:pink_terracotta":44,"minecraft:podzol":48,"minecraft:snow_block":95,"minecraft:basalt":59,"minecraft:oak_fence":137,"minecraft:honey_block":8,"minecraft:sculk_sensor":52,"minecraft:lectern":509,"minecraft:deepslate_coal_ore":152,"minecraft:lapis_ore":91,"minecraft:sculk":113,"minecraft:prismarine_bricks":109,"minecraft:dead_fire_coral_block":1,"minecraft:beehive":11,"minecraft:magenta_terracotta":20,"minecraft:sweet_berry_bush":42,"minecraft:bee_nest":7,"minecraft:muddy_mangrove_roots":29,"minecraft:dead_brain_coral_block":1,"minecraft:coal_ore":178,"minecraft:ochre_froglight":8,"minecraft:cherry_leaves":16,"minecraft:cracked_stone_bricks":59,"minecraft:terracotta":49,"minecraft:mossy_stone_bricks":87},"minecraft:picked_up":{"minecraft:seagrass":5,"minecraft:chainmail_boots":1,"minecraft:creeper_head":3,"minecraft:anvil":1,"minecraft:prismarine_shard":8,"minecraft:smithing_table":4,"minecraft:wither_rose":1,"minecraft:enchanted_book":16,"minecraft:golden_sword":2,"minecraft:amethyst_block":352,"minecraft:stray_spawn_egg":1,"minecraft:music_disc_cat":4,"minecraft:string":88,"minecraft:wayfinder_armor_trim_smithing_template":1,"minecraft:soul_soil":41,"minecraft:red_nether_bricks":59,"minecraft:cooked_salmon":1,"minecraft:explorer_pottery_sherd":25,"minecraft:beetroot_soup":3,"minecraft:pufferfish":1,"minecraft:shroomlight":30,"minecraft:beetroot":11,"minecraft:diamond_leggings":1,"minecraft:gold_nugget":121,"minecraft:cobbled_deepslate":668,"minecraft:bubble_coral":5,"minecraft:netherite_upgrade_smithing_template":1,"minecraft:enchanted_golden_apple":4,"minecraft:melon_slice":99,"minecraft:mangrove_log":46,"minecraft:golden_helmet":4,"minecraft:beehive":11,"minecraft:sheaf_pottery_sherd":65,"minecraft:music_disc_blocks":4,"minecraft:big_dripleaf":6,"minecraft:purpur_pillar":107,"minecraft:acacia_log":35,"minecraft:lightning_rod":2,"minecraft:honeycomb_block":21,"minecraft:cherry_log":83,"minecraft:rabbit_foot":2,"minecraft:pink_terracotta":49,"minecraft:green_terracotta":20,"minecraft:cauldron":7,"minecraft:black_dye":8,"minecraft:shaper_armor_trim_smithing_template":1,"minecraft:zombie_spawn_egg":1,"minecraft:phantom_spawn_egg":1,"minecraft:bamboo_block":113,"minecraft:honey_bottle":11,"minecraft:salmon_bucket":1,"minecraft:tropical_fish":6,"minecraft:vex_armor_trim_smithing_template":2,"minecraft:cow_spawn_egg":1,"minecraft:cyan_terracotta":15,"minecraft:end_rod":9,"minecraft:wolf_spawn_egg":1,"minecraft:white_terracotta":76,"minecraft:blaze_rod":10,"minecraft:host_armor_trim_smithing_template":2,"minecraft:snowball":625,"minecraft:sponge":30,"minecraft:birch_log":60,"minecraft:magma_block":47,"minecraft:dune_armor_trim_smithing_template":2,"minecraft:feather":44,"minecraft:water_bucket":1,"minecraft:jungle_log":32,"minecraft:powder_snow_bucket":1,"minecraft:flint":10,"minecraft:map":1,"minecraft:magenta_terracotta":22,"minecraft:disc_fragment_5":13,"minecraft:twisting_vines":4,"minecraft:gray_terracotta":11,"minecraft:diamond_helmet":1,"minecraft:rabbit":2,"minecraft:glowstone_dust":113,"minecraft:llama_spawn_egg":1,"minecraft:moss_block":287,"minecraft:pitcher_pod":4,"minecraft:honeycomb":16,"minecraft:glow_lichen":5,"minecraft:warped_wart_block":33,"minecraft:lime_terracotta":13,"minecraft:stripped_spruce_log":1,"minecraft:ink_sac":25,"minecraft:fermented_spider_eye":5,"minecraft:dark_oak_log":65,"minecraft:red_terracotta":16,"minecraft:iron_hoe":1,"minecraft:blue_terracotta":15,"minecraft:angler_pottery_sherd":4,"minecraft:writable_book":6,"minecraft:miner_pottery_sherd":8,"minecraft:dead_brain_coral_block":24,"minecraft:blue_ice":2,"minecraft:granite":146,"minecraft:golden_horse_armor":1,"minecraft:chainmail_helmet":3,"minecraft:cyan_dye":3,"minecraft:rooted_dirt":38,"minecraft:jack_o_lantern":6,"minecraft:plenty_pottery_sherd":19,"minecraft:dark_oak_fence":4,"minecraft:music_disc_5":3,"minecraft:mud":148,"minecraft:shelter_pottery_sherd":13,"minecraft:bubble_coral_fan":3,"minecraft:clay_ball":523,"minecraft:mourner_pottery_sherd":8,"minecraft:purpur_block":144,"minecraft:spider_spawn_egg":1,"minecraft:dead_horn_coral_block":21,"minecraft:fire_coral":4,"minecraft:heavy_weighted_pressure_plate":1,"minecraft:cat_spawn_egg":1,"minecraft:netherite_scrap":14,"minecraft:cracked_stone_bricks":59,"minecraft:music_disc_otherside":2,"minecraft:beef":50,"minecraft:jungle_sapling":3,"minecraft:poppy":3,"minecraft:chest":195,"minecraft:birch_sapling":7,"minecraft:raw_copper_block":37,"minecraft:egg":9,"minecraft:hoglin_spawn_egg":2,"minecraft:sandstone":165,"minecraft:raw_gold_block":19,"minecraft:music_disc_mellohi":4,"minecraft:amethyst_cluster":26,"minecraft:fire_charge":8,"minecraft:white_dye":7,"minecraft:cake":1,"minecraft:skull_pottery_sherd":20,"minecraft:carrot":1352,"minecraft:redstone":495,"minecraft:prismarine_crystals":106,"minecraft:chicken_spawn_egg":1,"minecraft:diamond_chestplate":1,"minecraft:stone_shovel":4,"minecraft:beetroot_seeds":10,"minecraft:peony":2,"minecraft:tube_coral_fan":1,"minecraft:deepslate_bricks":205,"minecraft:shears":1,"minecraft:diamond_boots":2,"minecraft:hay_block":14,"minecraft:cracked_deepslate_bricks":21,"minecraft:yellow_terracotta":30,"minecraft:gold_ingot":15,"minecraft:totem_of_undying":4,"minecraft:mutton":5,"minecraft:glow_berries":22,"minecraft:bone_block":32,"minecraft:heartbreak_pottery_sherd":36,"minecraft:white_wool":38,"minecraft:rail":25,"minecraft:oxeye_daisy":10,"minecraft:mud_bricks":59,"minecraft:fox_spawn_egg":1,"minecraft:yellow_dye":4,"minecraft:red_mushroom":41,"minecraft:ochre_froglight":21,"minecraft:torchflower":5,"minecraft:packed_mud":63,"minecraft:oak_log":1747,"minecraft:lily_pad":17,"minecraft:ancient_debris":10,"minecraft:golden_boots":4,"minecraft:sculk_vein":24,"minecraft:paper":27,"minecraft:apple":67,"minecraft:stone_bricks":62,"minecraft:kelp":10,"minecraft:wild_armor_trim_smithing_template":3,"minecraft:warped_stem":8,"minecraft:oak_fence_gate":3,"minecraft:spore_blossom":14,"minecraft:music_disc_far":1,"minecraft:stone_pickaxe":3,"minecraft:cobweb":3,"minecraft:blade_pottery_sherd":12,"minecraft:glass_bottle":5,"minecraft:arms_up_pottery_sherd":20,"minecraft:iron_sword":2,"minecraft:flowering_azalea":4,"minecraft:smooth_basalt":82,"minecraft:sweet_berries":708,"minecraft:sculk":13,"minecraft:spyglass":1,"minecraft:torchflower_seeds":4,"minecraft:gravel":92,"minecraft:dead_fire_coral_block":17,"minecraft:prize_pottery_sherd":14,"minecraft:spruce_sapling":33,"minecraft:spruce_log":106,"minecraft:crying_obsidian":4,"minecraft:archer_pottery_sherd":13,"minecraft:leather_helmet":1,"minecraft:brewer_pottery_sherd":22,"minecraft:husk_spawn_egg":2,"minecraft:slime_ball":223,"minecraft:snort_pottery_sherd":24,"minecraft:donkey_spawn_egg":1,"minecraft:tide_armor_trim_smithing_template":2,"minecraft:rib_armor_trim_smithing_template":2,"minecraft:gray_wool":1,"minecraft:melon_seeds":4,"minecraft:mangrove_propagule":7,"minecraft:goat_spawn_egg":1,"minecraft:ender_pearl":20,"minecraft:shulker_shell":5,"minecraft:chiseled_deepslate":50,"minecraft:music_disc_strad":2,"minecraft:wheat":304,"minecraft:sentry_armor_trim_smithing_template":2,"minecraft:potion":1,"minecraft:gilded_blackstone":35,"minecraft:piglin_spawn_egg":1,"minecraft:cod_bucket":1,"minecraft:dead_tube_coral_block":15,"minecraft:raw_copper":1541,"minecraft:iron_leggings":3,"minecraft:netherite_ingot":2,"minecraft:experience_bottle":30,"minecraft:sea_pickle":2,"minecraft:deepslate_tiles":82,"minecraft:red_sand":118,"minecraft:bucket":1,"minecraft:eye_armor_trim_smithing_template":1,"minecraft:red_dye":3,"minecraft:white_tulip":8,"minecraft:rose_bush":2,"minecraft:ender_eye":1,"minecraft:azalea":15,"minecraft:calcite":306,"minecraft:smooth_quartz":70,"minecraft:wooden_shovel":2,"minecraft:iron_pickaxe":1,"minecraft:tipped_arrow":8,"minecraft:stick":309,"minecraft:brown_terracotta":22,"minecraft:oak_fence":129,"minecraft:torch":31,"minecraft:porkchop":6,"minecraft:dried_kelp":5,"minecraft:music_disc_pigstep":3,"minecraft:shulker_spawn_egg":2,"minecraft:pointed_dripstone":7,"minecraft:diorite":174,"minecraft:vine":22,"minecraft:goat_horn":3,"minecraft:sniffer_egg":2,"minecraft:quartz_block":130,"minecraft:cactus":10,"minecraft:rotten_flesh":87,"minecraft:music_disc_ward":2,"minecraft:guardian_spawn_egg":1,"minecraft:mangrove_roots":20,"minecraft:fire_coral_fan":3,"minecraft:music_disc_wait":2,"minecraft:obsidian":29,"minecraft:cod":2,"minecraft:blaze_powder":2,"minecraft:cobblestone":829,"minecraft:nautilus_shell":2,"minecraft:pink_petals":3,"minecraft:leather_chestplate":2,"minecraft:muddy_mangrove_roots":29,"minecraft:magma_cream":8,"minecraft:raiser_armor_trim_smithing_template":1,"minecraft:andesite":146,"minecraft:golden_leggings":1,"minecraft:chiseled_quartz_block":72,"minecraft:potato":1,"minecraft:magenta_dye":5,"minecraft:tuff":162,"minecraft:light_gray_dye":5,"minecraft:prismarine_bricks":110,"minecraft:danger_pottery_sherd":26,"minecraft:horn_coral":2,"minecraft:wither_skeleton_skull":1,"minecraft:silence_armor_trim_smithing_template":3,"minecraft:lapis_lazuli":1361,"minecraft:dirt":798,"minecraft:name_tag":2,"minecraft:leather_boots":3,"minecraft:bone":193,"minecraft:acacia_planks":21,"minecraft:bow":11,"minecraft:wheat_seeds":795,"minecraft:small_dripleaf":8,"minecraft:raw_gold":211,"minecraft:cobbled_deepslate_slab":2,"minecraft:light_blue_dye":5,"minecraft:mossy_stone_bricks":87,"minecraft:fletching_table":19,"minecraft:bamboo":97,"minecraft:prismarine":114,"minecraft:stone_hoe":1,"minecraft:oak_planks":177,"minecraft:brain_coral":2,"minecraft:black_terracotta":19,"minecraft:axolotl_bucket":1,"minecraft:poisonous_potato":12,"minecraft:enderman_spawn_egg":1,"minecraft:sand":217,"minecraft:jungle_planks":4,"minecraft:dead_bush":40,"minecraft:grass_block":1,"minecraft:lily_of_the_valley":2,"minecraft:spectral_arrow":30,"minecraft:jungle_slab":50,"minecraft:mossy_cobblestone":114,"minecraft:dark_prismarine":86,"minecraft:light_gray_terracotta":39,"minecraft:sugar":8,"minecraft:light_blue_terracotta":16,"minecraft:diamond":147,"minecraft:slime_block":1,"minecraft:cherry_wood":10,"minecraft:crossbow":1,"minecraft:bone_meal":25,"minecraft:golden_apple":18,"minecraft:emerald":153,"minecraft:chorus_fruit":12,"minecraft:oak_sapling":466,"minecraft:netherrack":262,"minecraft:oak_leaves":56,"minecraft:end_stone_bricks":166,"minecraft:lingering_potion":5,"minecraft:cocoa_beans":12,"minecraft:azure_bluet":2,"minecraft:chicken":1,"minecraft:ladder":5,"minecraft:brown_mushroom":8,"minecraft:diamond_horse_armor":3,"minecraft:dragon_breath":7,"minecraft:shield":2,"minecraft:magma_cube_spawn_egg":1,"minecraft:moss_carpet":10,"minecraft:iron_axe":1,"minecraft:salmon_spawn_egg":1,"minecraft:blackstone":124,"minecraft:blue_orchid":2,"minecraft:candle":16,"minecraft:echo_shard":11,"minecraft:spire_armor_trim_smithing_template":2,"minecraft:lectern":509,"minecraft:sugar_cane":147,"minecraft:phantom_membrane":4,"minecraft:dark_oak_sapling":13,"minecraft:raw_iron":376,"minecraft:orange_dye":3,"minecraft:end_stone":210,"minecraft:music_disc_relic":2,"minecraft:copper_ingot":9,"minecraft:quartz_pillar":72,"minecraft:pufferfish_spawn_egg":2,"minecraft:music_disc_11":1,"minecraft:trident":2,"minecraft:friend_pottery_sherd":21,"minecraft:iron_horse_armor":1,"minecraft:purple_terracotta":22,"minecraft:howl_pottery_sherd":23,"minecraft:weeping_vines":2,"minecraft:arrow":104,"minecraft:tube_coral":1,"minecraft:nether_bricks":71,"minecraft:pink_tulip":8,"minecraft:ward_armor_trim_smithing_template":1,"minecraft:saddle":2,"minecraft:glistering_melon_slice":2,"minecraft:skeleton_skull":1,"minecraft:cracked_deepslate_tiles":27,"minecraft:purple_dye":4,"minecraft:basalt":59,"minecraft:glow_ink_sac":23,"minecraft:golden_carrot":23,"minecraft:burn_pottery_sherd":12,"minecraft:crimson_stem":6,"minecraft:salmon":6,"minecraft:leather":39,"minecraft:music_disc_stal":1,"minecraft:ice":1,"minecraft:crimson_fungus":8,"minecraft:nether_wart_block":29,"minecraft:gunpowder":27,"minecraft:wooden_hoe":2,"minecraft:heart_pottery_sherd":21,"minecraft:orange_terracotta":25,"minecraft:coast_armor_trim_smithing_template":3,"minecraft:witch_spawn_egg":1,"minecraft:pearlescent_froglight":36,"minecraft:red_sandstone":143,"minecraft:rabbit_hide":4,"minecraft:silverfish_spawn_egg":1,"minecraft:iron_ingot":139,"minecraft:frogspawn":6,"minecraft:verdant_froglight":9,"minecraft:acacia_sapling":11,"minecraft:soul_sand":81,"minecraft:green_dye":2,"minecraft:book":11,"minecraft:sculk_catalyst":8,"minecraft:oak_slab":502,"minecraft:warped_fungus":1,"minecraft:black_candle":2,"minecraft:pitcher_plant":2,"minecraft:pumpkin":7,"minecraft:chiseled_stone_bricks":44,"minecraft:budding_amethyst":18,"minecraft:quartz":33,"minecraft:dandelion":4,"minecraft:raw_iron_block":20,"minecraft:dripstone_block":156,"minecraft:lava_bucket":4,"minecraft:brain_coral_fan":1,"minecraft:amethyst_shard":18,"minecraft:white_bed":7,"minecraft:spider_eye":19,"minecraft:bamboo_mosaic":35,"minecraft:lime_dye":5,"minecraft:pumpkin_seeds":4,"minecraft:sculk_sensor":7,"minecraft:dried_kelp_block":12,"minecraft:trader_llama_spawn_egg":1,"minecraft:honey_block":8,"minecraft:dead_bubble_coral_block":21,"minecraft:iron_helmet":10,"minecraft:cherry_sapling":6,"minecraft:terracotta":50,"minecraft:acacia_slab":23,"minecraft:coal":362}},"DataVersion":3700}