{"stats":{"minecraft:crafted":{"minecraft:oak_planks":624,"minecraft:iron_boots":1,"minecraft:decorated_pot":1,"minecraft:chest":18,"minecraft:stone_hoe":1,"minecraft:oak_fence":51,"minecraft:oak_slab":696,"minecraft:cauldron":1,"minecraft:crafting_table":2,"minecraft:spruce_planks":108,"minecraft:wooden_pickaxe":1,"minecraft:iron_helmet":2,"minecraft:birch_planks":92,"minecraft:iron_chestplate":1,"minecraft:shield":1,"minecraft:stick":156,"minecraft:iron_ingot":131,"minecraft:iron_pickaxe":9,"minecraft:gold_ingot":47,"minecraft:stone_shovel":9,"minecraft:furnace":5,"minecraft:iron_axe":2,"minecraft:spruce_slab":18,"minecraft:stone_pickaxe":5,"minecraft:dark_oak_planks":116,"minecraft:bucket":1,"minecraft:stone_axe":7,"minecraft:air":0,"minecraft:oak_fence_gate":2,"minecraft:wooden_axe":3,"minecraft:iron_leggings":1},"minecraft:custom":{"minecraft:animals_bred":1,"minecraft:interact_with_crafting_table":109,"minecraft:leave_game":3,"minecraft:time_since_death":256880,"minecraft:sprint_one_cm":273715,"minecraft:damage_blocked_by_shield":180,"minecraft:drop":46,"minecraft:talked_to_villager":1,"minecraft:play_time":256880,"minecraft:jump":1052,"minecraft:walk_on_water_one_cm":432,"minecraft:interact_with_furnace":53,"minecraft:damage_dealt":21806,"minecraft:crouch_one_cm":170329,"minecraft:mob_kills":107,"minecraft:walk_one_cm":367036,"minecraft:sneak_time":51024,"minecraft:walk_under_water_one_cm":1634,"minecraft:total_world_time":256880,"minecraft:time_since_rest":256880,"minecraft:damage_taken":2337,"minecraft:fly_one_cm":103394,"minecraft:open_chest":352,"minecraft:fall_one_cm":7261},"minecraft:dropped":{"minecraft:music_disc_relic":1,"minecraft:snowball":200,"minecraft:wheat":1,"minecraft:rotten_flesh":7,"minecraft:oak_planks":105,"minecraft:leather_boots":1,"minecraft:black_dye":4,"minecraft:cobblestone":5,"minecraft:diorite":4,"minecraft:golden_carrot":8,"minecraft:rabbit":1,"minecraft:bucket":1,"minecraft:spruce_sapling":2,"minecraft:stone_shovel":2,"minecraft:dead_bubble_coral_block":3,"minecraft:andesite":7,"minecraft:stone_pickaxe":3,"minecraft:raw_gold":4},"minecraft:broken":{"minecraft:stone_pickaxe":3,"minecraft:stone_axe":5,"minecraft:wooden_axe":2,"minecraft:stone_shovel":4,"minecraft:iron_pickaxe":8,"minecraft:iron_helmet":1},"minecraft:mined":{"minecraft:oak_sapling":2,"minecraft:granite":116,"minecraft:budding_amethyst":30,"minecraft:acacia_log":5,"minecraft:grass_block":242,"minecraft:dead_tube_coral_block":1,"minecraft:deepslate_bricks":102,"minecraft:bubble_coral_block":9,"minecraft:tube_coral_block":9,"minecraft:raw_iron_block":3,"minecraft:iron_ore":80,"minecraft:cobbled_deepslate":2,"minecraft:pumpkin":5,"minecraft:deepslate_lapis_ore":36,"minecraft:brain_coral_block":16,"minecraft:gray_terracotta":11,"minecraft:cyan_terracotta":13,"minecraft:powder_snow":14,"minecraft:clay":61,"minecraft:light_gray_terracotta":17,"minecraft:calcite":118,"minecraft:melon":17,"minecraft:chest":66,"minecraft:cobblestone":59,"minecraft:prismarine":66,"minecraft:oak_planks":5,"minecraft:amethyst_block":133,"minecraft:deepslate_copper_ore":56,"minecraft:white_terracotta":31,"minecraft:blue_terracotta":15,"minecraft:birch_log":48,"minecraft:wheat":6,"minecraft:blue_ice":16,"minecraft:oak_log":162,"minecraft:oak_fence_gate":2,"minecraft:dark_oak_sapling":2,"minecraft:sand":57,"minecraft:dirt":83,"minecraft:smooth_basalt":54,"minecraft:raw_copper_block":3,"minecraft:oak_leaves":8,"minecraft:horn_coral_block":10,"minecraft:deepslate":218,"minecraft:suspicious_gravel":145,"minecraft:deepslate_tiles":52,"minecraft:dark_prismarine":34,"minecraft:diamond_ore":9,"minecraft:tuff":72,"minecraft:deepslate_diamond_ore":16,"minecraft:dark_oak_log":45,"minecraft:sea_lantern":25,"minecraft:decorated_pot":1,"minecraft:spruce_leaves":5,"minecraft:moss_block":166,"minecraft:rooted_dirt":38,"minecraft:spruce_sapling":7,"minecraft:snow":92,"minecraft:green_terracotta":15,"minecraft:andesite":96,"minecraft:dead_horn_coral_block":2,"minecraft:deepslate_iron_ore":56,"minecraft:packed_ice":31,"minecraft:stone":324,"minecraft:fire_coral_block":11,"minecraft:podzol":39,"minecraft:oak_slab":75,"minecraft:snow_block":92,"minecraft:oak_fence":11,"minecraft:sponge":14,"minecraft:copper_ore":132,"minecraft:deepslate_coal_ore":45,"minecraft:dried_kelp_block":12,"minecraft:lapis_ore":18,"minecraft:deepslate_gold_ore":41,"minecraft:diorite":106,"minecraft:prismarine_bricks":35,"minecraft:dead_fire_coral_block":1,"minecraft:sweet_berry_bush":3,"minecraft:spruce_log":64,"minecraft:dead_brain_coral_block":1,"minecraft:coal_ore":54,"minecraft:dripstone_block":106,"minecraft:gravel":66,"minecraft:terracotta":19,"minecraft:gold_ore":32},"minecraft:used":{"minecraft:decorated_pot":1,"minecraft:chest":22,"minecraft:shield":6,"minecraft:iron_sword":88,"minecraft:axolotl_bucket":1,"minecraft:milk_bucket":1,"minecraft:iron_helmet":1,"minecraft:sweet_berries":109,"minecraft:furnace":5,"minecraft:oak_sapling":21,"minecraft:egg":6,"minecraft:dark_oak_sapling":4,"minecraft:stone_pickaxe":564,"minecraft:oak_planks":5,"minecraft:wooden_pickaxe":13,"minecraft:melon_slice":87,"minecraft:andesite":1,"minecraft:oak_fence":57,"minecraft:stone_shovel":611,"minecraft:stone_hoe":10,"minecraft:torch":1,"minecraft:dirt":240,"minecraft:spyglass":1,"minecraft:granite":9,"minecraft:oak_fence_gate":4,"minecraft:wooden_axe":157,"minecraft:iron_axe":111,"minecraft:iron_boots":1,"minecraft:cobbled_deepslate":2,"minecraft:wheat_seeds":6,"minecraft:water_bucket":8,"minecraft:rabbit":1,"minecraft:cauldron":1,"minecraft:terracotta":1,"minecraft:oak_slab":786,"minecraft:crafting_table":2,"minecraft:spruce_log":3,"minecraft:gray_terracotta":3,"minecraft:dark_prismarine":10,"minecraft:iron_pickaxe":2221,"minecraft:spruce_sapling":11,"minecraft:stone_axe":492,"minecraft:cobblestone":59,"minecraft:bucket":9},"minecraft:picked_up":{"minecraft:seagrass":5,"minecraft:music_disc_strad":2,"minecraft:wheat":6,"minecraft:chainmail_boots":1,"minecraft:golden_sword":1,"minecraft:amethyst_block":133,"minecraft:music_disc_cat":1,"minecraft:string":28,"minecraft:dead_tube_coral_block":10,"minecraft:raw_copper":648,"minecraft:explorer_pottery_sherd":17,"minecraft:pufferfish":1,"minecraft:deepslate_tiles":52,"minecraft:cobbled_deepslate":266,"minecraft:bucket":1,"minecraft:bubble_coral":5,"minecraft:calcite":117,"minecraft:azalea":8,"minecraft:melon_slice":87,"minecraft:golden_helmet":3,"minecraft:tipped_arrow":8,"minecraft:stick":17,"minecraft:sheaf_pottery_sherd":65,"minecraft:music_disc_blocks":3,"minecraft:big_dripleaf":6,"minecraft:oak_fence":11,"minecraft:torch":8,"minecraft:acacia_log":5,"minecraft:pointed_dripstone":4,"minecraft:diorite":116,"minecraft:green_terracotta":15,"minecraft:rabbit_foot":2,"minecraft:black_dye":8,"minecraft:shaper_armor_trim_smithing_template":1,"minecraft:phantom_spawn_egg":1,"minecraft:rotten_flesh":38,"minecraft:tropical_fish":4,"minecraft:cow_spawn_egg":1,"minecraft:music_disc_ward":1,"minecraft:cyan_terracotta":13,"minecraft:white_terracotta":31,"minecraft:fire_coral_fan":1,"minecraft:host_armor_trim_smithing_template":1,"minecraft:cod":1,"minecraft:snowball":609,"minecraft:cobblestone":452,"minecraft:sponge":14,"minecraft:birch_log":48,"minecraft:feather":36,"minecraft:andesite":102,"minecraft:powder_snow_bucket":1,"minecraft:flint":6,"minecraft:tuff":72,"minecraft:prismarine_bricks":35,"minecraft:horn_coral":2,"minecraft:map":1,"minecraft:lapis_lazuli":350,"minecraft:dirt":360,"minecraft:disc_fragment_5":2,"minecraft:leather_boots":3,"minecraft:bone":53,"minecraft:gray_terracotta":11,"minecraft:bow":8,"minecraft:wheat_seeds":28,"minecraft:small_dripleaf":8,"minecraft:raw_gold":76,"minecraft:rabbit":2,"minecraft:moss_block":172,"minecraft:prismarine":66,"minecraft:oak_planks":94,"minecraft:brain_coral":2,"minecraft:glow_lichen":5,"minecraft:sand":57,"minecraft:ink_sac":14,"minecraft:grass_block":1,"minecraft:lily_of_the_valley":1,"minecraft:dark_oak_log":45,"minecraft:dark_prismarine":34,"minecraft:light_gray_terracotta":17,"minecraft:blue_terracotta":15,"minecraft:diamond":28,"minecraft:writable_book":2,"minecraft:dead_brain_coral_block":17,"minecraft:blue_ice":2,"minecraft:granite":115,"minecraft:bone_meal":19,"minecraft:golden_apple":3,"minecraft:emerald":1,"minecraft:rooted_dirt":38,"minecraft:plenty_pottery_sherd":7,"minecraft:oak_sapling":26,"minecraft:shelter_pottery_sherd":5,"minecraft:azure_bluet":2,"minecraft:chicken":1,"minecraft:clay_ball":243,"minecraft:mourner_pottery_sherd":4,"minecraft:dead_horn_coral_block":12,"minecraft:fire_coral":2,"minecraft:cat_spawn_egg":1,"minecraft:candle":11,"minecraft:birch_sapling":2,"minecraft:sugar_cane":2,"minecraft:chest":66,"minecraft:raw_copper_block":3,"minecraft:egg":8,"minecraft:dark_oak_sapling":11,"minecraft:hoglin_spawn_egg":1,"minecraft:raw_iron":136,"minecraft:music_disc_relic":2,"minecraft:copper_ingot":3,"minecraft:music_disc_mellohi":2,"minecraft:amethyst_cluster":12,"minecraft:white_dye":3,"minecraft:pufferfish_spawn_egg":1,"minecraft:trident":1,"minecraft:carrot":1,"minecraft:prismarine_crystals":60,"minecraft:howl_pottery_sherd":15,"minecraft:tube_coral":1,"minecraft:arrow":38,"minecraft:stone_shovel":2,"minecraft:tube_coral_fan":1,"minecraft:deepslate_bricks":102,"minecraft:gold_ingot":4,"minecraft:mutton":3,"minecraft:glow_berries":18,"minecraft:white_wool":3,"minecraft:rail":12,"minecraft:oxeye_daisy":5,"minecraft:heartbreak_pottery_sherd":27,"minecraft:golden_carrot":13,"minecraft:salmon":4,"minecraft:leather":12,"minecraft:yellow_dye":4,"minecraft:ice":1,"minecraft:oak_log":161,"minecraft:gunpowder":12,"minecraft:paper":8,"minecraft:coast_armor_trim_smithing_template":1,"minecraft:witch_spawn_egg":1,"minecraft:apple":13,"minecraft:kelp":3,"minecraft:spore_blossom":5,"minecraft:rabbit_hide":4,"minecraft:music_disc_far":1,"minecraft:oak_fence_gate":2,"minecraft:stone_pickaxe":3,"minecraft:blade_pottery_sherd":5,"minecraft:iron_sword":1,"minecraft:flowering_azalea":2,"minecraft:book":6,"minecraft:sculk_catalyst":1,"minecraft:oak_slab":112,"minecraft:smooth_basalt":54,"minecraft:pumpkin":5,"minecraft:sweet_berries":136,"minecraft:budding_amethyst":8,"minecraft:spyglass":1,"minecraft:raw_iron_block":3,"minecraft:dripstone_block":106,"minecraft:gravel":60,"minecraft:brain_coral_fan":1,"minecraft:dead_fire_coral_block":12,"minecraft:amethyst_shard":10,"minecraft:spruce_sapling":28,"minecraft:spruce_log":63,"minecraft:spider_eye":4,"minecraft:leather_helmet":1,"minecraft:pumpkin_seeds":4,"minecraft:dried_kelp_block":12,"minecraft:snort_pottery_sherd":13,"minecraft:dead_bubble_coral_block":15,"minecraft:iron_helmet":2,"minecraft:gray_wool":1,"minecraft:terracotta":18,"minecraft:coal":111,"minecraft:mangrove_propagule":2},"minecraft:killed":{"minecraft:spider":11,"minecraft:pufferfish":1,"minecraft:skeleton":21,"minecraft:guardian":3,"minecraft:wolf":3,"minecraft:creeper":17,"minecraft:zombie":32,"minecraft:stray":11,"minecraft:drowned":4,"minecraft:squid":1,"minecraft:polar_bear":3}},"DataVersion":3700}