{"stats":{"minecraft:broken":{"minecraft:golden_helmet":1,"minecraft:iron_boots":1,"minecraft:iron_chestplate":1,"minecraft:iron_leggings":1,"minecraft:stone_pickaxe":3,"minecraft:golden_sword":2,"minecraft:stone_axe":8,"minecraft:iron_sword":1,"minecraft:wooden_axe":2,"minecraft:stone_shovel":7,"minecraft:iron_axe":6,"minecraft:iron_pickaxe":15,"minecraft:iron_helmet":1,"minecraft:wooden_hoe":1},"minecraft:dropped":{"minecraft:moss_block":1,"minecraft:oak_log":3,"minecraft:diamond":26,"minecraft:red_sandstone":39,"minecraft:music_disc_relic":1,"minecraft:jungle_planks":6,"minecraft:rail":3,"minecraft:snowball":200,"minecraft:iron_pickaxe":1,"minecraft:cobbled_deepslate":1,"minecraft:wheat":145,"minecraft:rotten_flesh":13,"minecraft:oak_planks":114,"minecraft:prismarine":3,"minecraft:dead_fire_coral_block":1,"minecraft:carrot":112,"minecraft:oak_fence_gate":1,"minecraft:mangrove_log":7,"minecraft:heavy_weighted_pressure_plate":2,"minecraft:acacia_slab":1,"minecraft:leather_boots":1,"minecraft:chest":2,"minecraft:ladder":4,"minecraft:prismarine_bricks":1,"minecraft:iron_ingot":91,"minecraft:oak_slab":2,"minecraft:black_dye":4,"minecraft:mossy_cobblestone":4,"minecraft:cobblestone":70,"minecraft:iron_helmet":1,"minecraft:granite":2,"minecraft:disc_fragment_5":2,"minecraft:stick":4,"minecraft:jungle_slab":2,"minecraft:torch":1,"minecraft:diorite":8,"minecraft:golden_carrot":8,"minecraft:nether_wart_block":2,"minecraft:wooden_hoe":2,"minecraft:rabbit":1,"minecraft:cooked_salmon":1,"minecraft:dead_bush":4,"minecraft:raw_iron_block":3,"minecraft:string":12,"minecraft:bucket":1,"minecraft:acacia_planks":7,"minecraft:music_disc_cat":2,"minecraft:spruce_sapling":2,"minecraft:sweet_berries":1,"minecraft:raw_copper":9,"minecraft:tuff":5,"minecraft:stone_shovel":4,"minecraft:dead_bubble_coral_block":3,"minecraft:clay_ball":32,"minecraft:white_terracotta":1,"minecraft:shears":1,"minecraft:shield":1,"minecraft:spruce_planks":1,"minecraft:andesite":7,"minecraft:oak_sapling":1,"minecraft:wooden_shovel":2,"minecraft:spider_eye":1,"minecraft:stone_pickaxe":3,"minecraft:raw_gold":4},"minecraft:mined":{"minecraft:white_bed":7,"minecraft:oak_sapling":4,"minecraft:jungle_slab":26,"minecraft:red_nether_bricks":43,"minecraft:obsidian":8,"minecraft:granite":140,"minecraft:budding_amethyst":58,"minecraft:red_sand":100,"minecraft:acacia_log":27,"minecraft:grass_block":300,"minecraft:dead_tube_coral_block":1,"minecraft:jungle_log":14,"minecraft:soul_soil":30,"minecraft:deepslate_bricks":103,"minecraft:tube_coral_block":10,"minecraft:bubble_coral_block":10,"minecraft:mud_bricks":51,"minecraft:bamboo_block":76,"minecraft:gilded_blackstone":20,"minecraft:magma_block":29,"minecraft:raw_iron_block":4,"minecraft:glowstone":30,"minecraft:iron_ore":139,"minecraft:fire":4,"minecraft:cobbled_deepslate":48,"minecraft:pumpkin":5,"minecraft:anvil":1,"minecraft:deepslate_lapis_ore":71,"minecraft:fletching_table":19,"minecraft:dirt_path":2,"minecraft:brain_coral_block":20,"minecraft:deepslate_redstone_ore":10,"minecraft:gray_terracotta":11,"minecraft:blackstone":84,"minecraft:cyan_terracotta":15,"minecraft:crimson_nylium":36,"minecraft:orange_terracotta":20,"minecraft:powder_snow":14,"minecraft:clay":118,"minecraft:torch":10,"minecraft:light_gray_terracotta":18,"minecraft:calcite":193,"minecraft:melon":18,"minecraft:chest":123,"minecraft:nether_quartz_ore":16,"minecraft:cobblestone":111,"minecraft:oak_planks":18,"minecraft:sugar_cane":31,"minecraft:prismarine":84,"minecraft:amethyst_block":229,"minecraft:cauldron":7,"minecraft:deepslate_copper_ore":110,"minecraft:white_terracotta":75,"minecraft:warped_nylium":40,"minecraft:nether_wart_block":24,"minecraft:blue_terracotta":15,"minecraft:verdant_froglight":1,"minecraft:birch_log":54,"minecraft:mud":111,"minecraft:wheat":182,"minecraft:blue_ice":16,"minecraft:oak_log":539,"minecraft:oak_fence_gate":3,"minecraft:dirt":341,"minecraft:dark_oak_sapling":2,"minecraft:lime_terracotta":13,"minecraft:sand":197,"minecraft:mangrove_log":32,"minecraft:smooth_basalt":72,"minecraft:raw_copper_block":5,"minecraft:ancient_debris":8,"minecraft:netherrack":103,"minecraft:oak_leaves":201,"minecraft:horn_coral_block":11,"minecraft:deepslate":340,"minecraft:nether_gold_ore":20,"minecraft:suspicious_gravel":245,"minecraft:yellow_terracotta":20,"minecraft:dark_prismarine":73,"minecraft:deepslate_tiles":52,"minecraft:crying_obsidian":3,"minecraft:diamond_ore":21,"minecraft:tuff":111,"minecraft:mossy_cobblestone":78,"minecraft:deepslate_diamond_ore":37,"minecraft:dark_oak_log":47,"minecraft:mangrove_roots":20,"minecraft:sea_lantern":37,"minecraft:nether_bricks":23,"minecraft:cobbled_deepslate_slab":2,"minecraft:dark_oak_fence":4,"minecraft:ladder":3,"minecraft:decorated_pot":1,"minecraft:spruce_leaves":7,"minecraft:acacia_slab":1,"minecraft:moss_block":185,"minecraft:rooted_dirt":38,"minecraft:sandstone":151,"minecraft:hay_block":11,"minecraft:redstone_ore":23,"minecraft:packed_mud":39,"minecraft:spruce_sapling":7,"minecraft:carrots":183,"minecraft:red_sandstone":84,"minecraft:andesite":126,"minecraft:snow":92,"minecraft:suspicious_sand":60,"minecraft:stripped_spruce_log":1,"minecraft:green_terracotta":20,"minecraft:dead_horn_coral_block":2,"minecraft:shroomlight":11,"minecraft:deepslate_iron_ore":95,"minecraft:packed_ice":37,"minecraft:bamboo":7,"minecraft:stone":420,"minecraft:fire_coral_block":13,"minecraft:podzol":43,"minecraft:oak_slab":373,"minecraft:soul_sand":65,"minecraft:snow_block":93,"minecraft:basalt":42,"minecraft:oak_fence":124,"minecraft:emerald_ore":27,"minecraft:warped_wart_block":25,"minecraft:sponge":17,"minecraft:copper_ore":202,"minecraft:lectern":209,"minecraft:deepslate_coal_ore":76,"minecraft:lapis_ore":45,"minecraft:dried_kelp_block":12,"minecraft:diorite":145,"minecraft:deepslate_gold_ore":69,"minecraft:pearlescent_froglight":2,"minecraft:prismarine_bricks":96,"minecraft:dead_fire_coral_block":1,"minecraft:red_terracotta":11,"minecraft:sweet_berry_bush":42,"minecraft:spruce_log":89,"minecraft:muddy_mangrove_roots":16,"minecraft:dead_brain_coral_block":1,"minecraft:coal_ore":98,"minecraft:ochre_froglight":2,"minecraft:gravel":79,"minecraft:dripstone_block":138,"minecraft:brown_terracotta":16,"minecraft:terracotta":39,"minecraft:acacia_planks":2,"minecraft:gold_ore":57,"minecraft:deepslate_emerald_ore":7},"minecraft:used":{"minecraft:iron_shovel":11,"minecraft:ladder":10,"minecraft:decorated_pot":1,"minecraft:chest":51,"minecraft:shield":53,"minecraft:iron_sword":251,"minecraft:carrot":328,"minecraft:jungle_slab":55,"minecraft:axolotl_bucket":3,"minecraft:snowball":7,"minecraft:milk_bucket":1,"minecraft:lava_bucket":1,"minecraft:iron_helmet":2,"minecraft:golden_sword":5,"minecraft:bow":9,"minecraft:sweet_berries":358,"minecraft:oak_sapling":92,"minecraft:furnace":5,"minecraft:egg":11,"minecraft:dark_oak_sapling":4,"minecraft:diamond_boots":1,"minecraft:cow_spawn_egg":1,"minecraft:stone_pickaxe":564,"minecraft:oak_planks":29,"minecraft:wooden_pickaxe":13,"minecraft:sandstone":1,"minecraft:sugar_cane":19,"minecraft:oak_leaves":20,"minecraft:sand":42,"minecraft:shears":59,"minecraft:melon_slice":87,"minecraft:lectern":212,"minecraft:cat_spawn_egg":1,"minecraft:golden_helmet":1,"minecraft:dark_oak_fence":4,"minecraft:andesite":5,"minecraft:bone_meal":11,"minecraft:oak_fence":290,"minecraft:stone_shovel":1312,"minecraft:wooden_shovel":54,"minecraft:stone_hoe":17,"minecraft:netherrack":6,"minecraft:torch":76,"minecraft:dirt":515,"minecraft:spyglass":1,"minecraft:anvil":2,"minecraft:cod_bucket":1,"minecraft:salmon_bucket":1,"minecraft:granite":9,"minecraft:oak_fence_gate":22,"minecraft:iron_hoe":100,"minecraft:wooden_axe":157,"minecraft:acacia_slab":8,"minecraft:iron_axe":1386,"minecraft:iron_boots":2,"minecraft:bamboo":28,"minecraft:diamond_chestplate":1,"minecraft:beef":1,"minecraft:acacia_planks":2,"minecraft:cobbled_deepslate":2,"minecraft:wheat_seeds":227,"minecraft:water_bucket":69,"minecraft:rabbit":1,"minecraft:cauldron":7,"minecraft:fletching_table":21,"minecraft:gilded_blackstone":1,"minecraft:white_bed":12,"minecraft:spruce_log":32,"minecraft:dark_prismarine":10,"minecraft:oak_slab":1800,"minecraft:terracotta":1,"minecraft:oak_log":2,"minecraft:crafting_table":2,"minecraft:gray_terracotta":3,"minecraft:mud":10,"minecraft:wooden_hoe":59,"minecraft:diamond_pickaxe":1034,"minecraft:iron_pickaxe":3811,"minecraft:spruce_sapling":11,"minecraft:stone_axe":836,"minecraft:cobblestone":59,"minecraft:bucket":74,"minecraft:diamond_leggings":1},"minecraft:custom":{"minecraft:animals_bred":22,"minecraft:interact_with_crafting_table":239,"minecraft:leave_game":8,"minecraft:time_since_death":110593,"minecraft:sprint_one_cm":1346732,"minecraft:damage_blocked_by_shield":1325,"minecraft:drop":141,"minecraft:talked_to_villager":307,"minecraft:play_time":690259,"minecraft:deaths":1,"minecraft:jump":3694,"minecraft:walk_on_water_one_cm":8031,"minecraft:interact_with_furnace":119,"minecraft:traded_with_villager":53,"minecraft:sleep_in_bed":14,"minecraft:damage_dealt":46257,"minecraft:crouch_one_cm":469246,"minecraft:horse_one_cm":134,"minecraft:interact_with_anvil":10,"minecraft:mob_kills":282,"minecraft:climb_one_cm":23357,"minecraft:walk_one_cm":1430639,"minecraft:sneak_time":117707,"minecraft:walk_under_water_one_cm":26875,"minecraft:total_world_time":690259,"minecraft:time_since_rest":24545,"minecraft:damage_taken":5492,"minecraft:swim_one_cm":1173,"minecraft:fly_one_cm":449588,"minecraft:open_chest":1392,"minecraft:fall_one_cm":43736},"minecraft:crafted":{"minecraft:oak_planks":2136,"minecraft:bookshelf":4,"minecraft:heavy_weighted_pressure_plate":1,"minecraft:glass":31,"minecraft:diamond_helmet":1,"minecraft:diamond_leggings":1,"minecraft:iron_boots":2,"minecraft:decorated_pot":1,"minecraft:chest":43,"minecraft:stone_hoe":1,"minecraft:oak_fence":201,"minecraft:oak_slab":1470,"minecraft:wooden_shovel":2,"minecraft:emerald":48,"minecraft:cauldron":1,"minecraft:acacia_slab":24,"minecraft:crafting_table":2,"minecraft:spruce_planks":224,"minecraft:wooden_pickaxe":1,"minecraft:iron_helmet":2,"minecraft:fletching_table":2,"minecraft:birch_planks":124,"minecraft:lectern":4,"minecraft:paper":27,"minecraft:wooden_hoe":1,"minecraft:iron_chestplate":1,"minecraft:book":10,"minecraft:diamond_pickaxe":2,"minecraft:shield":2,"minecraft:stick":1992,"minecraft:iron_ingot":211,"minecraft:iron_pickaxe":15,"minecraft:iron_block":3,"minecraft:gold_ingot":47,"minecraft:shears":2,"minecraft:stone_shovel":15,"minecraft:furnace":5,"minecraft:dark_oak_fence":3,"minecraft:iron_axe":8,"minecraft:ladder":9,"minecraft:iron_hoe":1,"minecraft:spruce_slab":18,"minecraft:stone_pickaxe":5,"minecraft:diamond_boots":1,"minecraft:dark_oak_planks":132,"minecraft:wheat":99,"minecraft:cooked_cod":2,"minecraft:cooked_salmon":6,"minecraft:bucket":1,"minecraft:stone_axe":9,"minecraft:enchanted_book":5,"minecraft:air":0,"minecraft:jungle_slab":24,"minecraft:jungle_planks":64,"minecraft:oak_fence_gate":20,"minecraft:wooden_axe":3,"minecraft:iron_shovel":1,"minecraft:iron_leggings":1,"minecraft:anvil":1,"minecraft:white_bed":5,"minecraft:acacia_planks":68,"minecraft:torch":60,"minecraft:diamond_chestplate":1},"minecraft:killed":{"minecraft:zombified_piglin":10,"minecraft:witch":9,"minecraft:spider":18,"minecraft:pufferfish":1,"minecraft:skeleton":24,"minecraft:guardian":3,"minecraft:magma_cube":50,"minecraft:wolf":4,"minecraft:piglin":2,"minecraft:zombie_villager":6,"minecraft:strider":6,"minecraft:creeper":20,"minecraft:pillager":6,"minecraft:zombie":34,"minecraft:ghast":2,"minecraft:stray":11,"minecraft:glow_squid":1,"minecraft:cow":3,"minecraft:blaze":6,"minecraft:vex":3,"minecraft:vindicator":6,"minecraft:slime":18,"minecraft:zoglin":2,"minecraft:drowned":6,"minecraft:husk":23,"minecraft:hoglin":1,"minecraft:polar_bear":3,"minecraft:squid":1,"minecraft:wither_skeleton":2},"minecraft:picked_up":{"minecraft:seagrass":5,"minecraft:music_disc_strad":2,"minecraft:wheat":159,"minecraft:chainmail_boots":1,"minecraft:anvil":1,"minecraft:prismarine_shard":8,"minecraft:sentry_armor_trim_smithing_template":1,"minecraft:wither_rose":1,"minecraft:potion":1,"minecraft:gilded_blackstone":9,"minecraft:golden_sword":2,"minecraft:amethyst_block":228,"minecraft:cod_bucket":1,"minecraft:soul_soil":30,"minecraft:red_nether_bricks":43,"minecraft:music_disc_cat":4,"minecraft:string":54,"minecraft:dead_tube_coral_block":10,"minecraft:wayfinder_armor_trim_smithing_template":1,"minecraft:raw_copper":1069,"minecraft:cooked_salmon":1,"minecraft:explorer_pottery_sherd":25,"minecraft:pufferfish":1,"minecraft:experience_bottle":10,"minecraft:shroomlight":6,"minecraft:beetroot":3,"minecraft:deepslate_tiles":52,"minecraft:red_sand":98,"minecraft:gold_nugget":66,"minecraft:cobbled_deepslate":436,"minecraft:bucket":1,"minecraft:white_tulip":3,"minecraft:rose_bush":2,"minecraft:bubble_coral":5,"minecraft:iron_pickaxe":1,"minecraft:calcite":192,"minecraft:azalea":12,"minecraft:wooden_shovel":2,"minecraft:melon_slice":90,"minecraft:mangrove_log":39,"minecraft:golden_helmet":4,"minecraft:tipped_arrow":8,"minecraft:stick":76,"minecraft:sheaf_pottery_sherd":65,"minecraft:music_disc_blocks":3,"minecraft:big_dripleaf":6,"minecraft:brown_terracotta":16,"minecraft:oak_fence":118,"minecraft:torch":24,"minecraft:acacia_log":26,"minecraft:porkchop":3,"minecraft:dried_kelp":2,"minecraft:shulker_spawn_egg":1,"minecraft:pointed_dripstone":7,"minecraft:diorite":159,"minecraft:music_disc_pigstep":1,"minecraft:vine":19,"minecraft:rabbit_foot":2,"minecraft:green_terracotta":20,"minecraft:cauldron":7,"minecraft:black_dye":8,"minecraft:shaper_armor_trim_smithing_template":1,"minecraft:phantom_spawn_egg":1,"minecraft:bamboo_block":76,"minecraft:cactus":10,"minecraft:rotten_flesh":76,"minecraft:tropical_fish":6,"minecraft:salmon_bucket":1,"minecraft:music_disc_ward":2,"minecraft:cow_spawn_egg":1,"minecraft:cyan_terracotta":15,"minecraft:mangrove_roots":20,"minecraft:white_terracotta":74,"minecraft:fire_coral_fan":3,"minecraft:blaze_rod":7,"minecraft:obsidian":3,"minecraft:host_armor_trim_smithing_template":1,"minecraft:cod":2,"minecraft:snowball":613,"minecraft:magma_cream":3,"minecraft:cobblestone":665,"minecraft:sponge":17,"minecraft:birch_log":54,"minecraft:magma_block":25,"minecraft:muddy_mangrove_roots":16,"minecraft:dune_armor_trim_smithing_template":1,"minecraft:leather_chestplate":1,"minecraft:feather":44,"minecraft:raiser_armor_trim_smithing_template":1,"minecraft:andesite":132,"minecraft:water_bucket":1,"minecraft:jungle_log":14,"minecraft:golden_leggings":1,"minecraft:powder_snow_bucket":1,"minecraft:flint":6,"minecraft:tuff":116,"minecraft:light_gray_dye":5,"minecraft:prismarine_bricks":97,"minecraft:danger_pottery_sherd":21,"minecraft:horn_coral":2,"minecraft:map":1,"minecraft:lapis_lazuli":751,"minecraft:dirt":604,"minecraft:disc_fragment_5":7,"minecraft:twisting_vines":4,"minecraft:leather_boots":3,"minecraft:bone":64,"minecraft:acacia_planks":15,"minecraft:gray_terracotta":11,"minecraft:bow":8,"minecraft:wheat_seeds":474,"minecraft:small_dripleaf":8,"minecraft:raw_gold":129,"minecraft:cobbled_deepslate_slab":2,"minecraft:light_blue_dye":2,"minecraft:bamboo":97,"minecraft:fletching_table":19,"minecraft:rabbit":2,"minecraft:glowstone_dust":90,"minecraft:moss_block":197,"minecraft:prismarine":87,"minecraft:oak_planks":143,"minecraft:brain_coral":2,"minecraft:glow_lichen":5,"minecraft:warped_wart_block":25,"minecraft:axolotl_bucket":1,"minecraft:lime_terracotta":13,"minecraft:enderman_spawn_egg":1,"minecraft:sand":195,"minecraft:stripped_spruce_log":1,"minecraft:ink_sac":25,"minecraft:dead_bush":32,"minecraft:grass_block":1,"minecraft:lily_of_the_valley":2,"minecraft:red_terracotta":10,"minecraft:jungle_slab":43,"minecraft:dark_oak_log":47,"minecraft:mossy_cobblestone":81,"minecraft:dark_prismarine":73,"minecraft:light_gray_terracotta":18,"minecraft:blue_terracotta":15,"minecraft:sugar":8,"minecraft:diamond":91,"minecraft:angler_pottery_sherd":4,"minecraft:miner_pottery_sherd":8,"minecraft:writable_book":5,"minecraft:dead_brain_coral_block":21,"minecraft:blue_ice":2,"minecraft:crossbow":1,"minecraft:granite":141,"minecraft:bone_meal":21,"minecraft:golden_apple":8,"minecraft:emerald":50,"minecraft:rooted_dirt":38,"minecraft:plenty_pottery_sherd":19,"minecraft:oak_sapling":99,"minecraft:netherrack":175,"minecraft:dark_oak_fence":4,"minecraft:oak_leaves":56,"minecraft:music_disc_5":1,"minecraft:cocoa_beans":9,"minecraft:mud":110,"minecraft:shelter_pottery_sherd":8,"minecraft:bubble_coral_fan":3,"minecraft:azure_bluet":2,"minecraft:chicken":1,"minecraft:ladder":5,"minecraft:clay_ball":503,"minecraft:mourner_pottery_sherd":8,"minecraft:dead_horn_coral_block":13,"minecraft:shield":1,"minecraft:magma_cube_spawn_egg":1,"minecraft:fire_coral":2,"minecraft:heavy_weighted_pressure_plate":1,"minecraft:moss_carpet":7,"minecraft:iron_axe":1,"minecraft:cat_spawn_egg":1,"minecraft:netherite_scrap":1,"minecraft:blackstone":77,"minecraft:blue_orchid":2,"minecraft:candle":16,"minecraft:music_disc_otherside":2,"minecraft:beef":9,"minecraft:jungle_sapling":3,"minecraft:lectern":209,"minecraft:sugar_cane":68,"minecraft:chest":123,"minecraft:birch_sapling":5,"minecraft:raw_copper_block":5,"minecraft:egg":9,"minecraft:dark_oak_sapling":13,"minecraft:hoglin_spawn_egg":2,"minecraft:raw_iron":234,"minecraft:sandstone":151,"minecraft:music_disc_relic":2,"minecraft:copper_ingot":3,"minecraft:music_disc_mellohi":2,"minecraft:amethyst_cluster":20,"minecraft:white_dye":7,"minecraft:pufferfish_spawn_egg":2,"minecraft:skull_pottery_sherd":17,"minecraft:music_disc_11":1,"minecraft:trident":2,"minecraft:carrot":682,"minecraft:friend_pottery_sherd":21,"minecraft:redstone":151,"minecraft:prismarine_crystals":92,"minecraft:chicken_spawn_egg":1,"minecraft:howl_pottery_sherd":19,"minecraft:tube_coral":1,"minecraft:arrow":40,"minecraft:stone_shovel":4,"minecraft:peony":2,"minecraft:nether_bricks":19,"minecraft:tube_coral_fan":1,"minecraft:shears":1,"minecraft:deepslate_bricks":103,"minecraft:hay_block":11,"minecraft:yellow_terracotta":20,"minecraft:pink_tulip":3,"minecraft:gold_ingot":4,"minecraft:glow_berries":18,"minecraft:mutton":3,"minecraft:oxeye_daisy":5,"minecraft:white_wool":18,"minecraft:rail":20,"minecraft:heartbreak_pottery_sherd":32,"minecraft:purple_dye":4,"minecraft:mud_bricks":51,"minecraft:basalt":42,"minecraft:crimson_stem":6,"minecraft:golden_carrot":13,"minecraft:burn_pottery_sherd":12,"minecraft:glow_ink_sac":18,"minecraft:salmon":6,"minecraft:leather":19,"minecraft:yellow_dye":4,"minecraft:music_disc_stal":1,"minecraft:ochre_froglight":5,"minecraft:ice":1,"minecraft:packed_mud":38,"minecraft:crimson_fungus":5,"minecraft:oak_log":535,"minecraft:lily_pad":17,"minecraft:ancient_debris":8,"minecraft:golden_boots":1,"minecraft:nether_wart_block":22,"minecraft:gunpowder":14,"minecraft:wooden_hoe":2,"minecraft:heart_pottery_sherd":21,"minecraft:paper":14,"minecraft:warped_stem":5,"minecraft:orange_terracotta":20,"minecraft:coast_armor_trim_smithing_template":2,"minecraft:witch_spawn_egg":1,"minecraft:apple":27,"minecraft:pearlescent_froglight":31,"minecraft:kelp":10,"minecraft:red_sandstone":123,"minecraft:silverfish_spawn_egg":1,"minecraft:wild_armor_trim_smithing_template":1,"minecraft:rabbit_hide":4,"minecraft:spore_blossom":9,"minecraft:music_disc_far":1,"minecraft:iron_ingot":93,"minecraft:oak_fence_gate":3,"minecraft:stone_pickaxe":3,"minecraft:cobweb":3,"minecraft:blade_pottery_sherd":12,"minecraft:frogspawn":6,"minecraft:glass_bottle":5,"minecraft:verdant_froglight":6,"minecraft:iron_sword":1,"minecraft:arms_up_pottery_sherd":15,"minecraft:flowering_azalea":4,"minecraft:acacia_sapling":8,"minecraft:soul_sand":65,"minecraft:green_dye":2,"minecraft:book":7,"minecraft:sculk_catalyst":1,"minecraft:oak_slab":405,"minecraft:smooth_basalt":72,"minecraft:pumpkin":5,"minecraft:sweet_berries":708,"minecraft:budding_amethyst":12,"minecraft:quartz":7,"minecraft:spyglass":1,"minecraft:raw_iron_block":7,"minecraft:dripstone_block":137,"minecraft:lava_bucket":1,"minecraft:gravel":73,"minecraft:brain_coral_fan":1,"minecraft:dead_fire_coral_block":15,"minecraft:amethyst_shard":16,"minecraft:prize_pottery_sherd":14,"minecraft:spruce_sapling":30,"minecraft:white_bed":7,"minecraft:spruce_log":97,"minecraft:crying_obsidian":3,"minecraft:spider_eye":10,"minecraft:archer_pottery_sherd":13,"minecraft:leather_helmet":1,"minecraft:brewer_pottery_sherd":22,"minecraft:pumpkin_seeds":4,"minecraft:husk_spawn_egg":2,"minecraft:dried_kelp_block":12,"minecraft:slime_ball":30,"minecraft:snort_pottery_sherd":24,"minecraft:trader_llama_spawn_egg":1,"minecraft:tide_armor_trim_smithing_template":1,"minecraft:rib_armor_trim_smithing_template":1,"minecraft:dead_bubble_coral_block":16,"minecraft:iron_helmet":6,"minecraft:gray_wool":1,"minecraft:terracotta":38,"minecraft:acacia_slab":1,"minecraft:melon_seeds":2,"minecraft:coal":186,"minecraft:mangrove_propagule":7}},"DataVersion":3700}