{"stats":{"minecraft:broken":{"minecraft:iron_boots":1,"minecraft:iron_chestplate":1,"minecraft:iron_leggings":1,"minecraft:stone_pickaxe":3,"minecraft:stone_axe":5,"minecraft:iron_sword":1,"minecraft:wooden_axe":2,"minecraft:stone_shovel":6,"minecraft:iron_axe":5,"minecraft:iron_pickaxe":12,"minecraft:iron_helmet":1,"minecraft:wooden_hoe":1},"minecraft:dropped":{"minecraft:diamond":26,"minecraft:red_sandstone":39,"minecraft:music_disc_relic":1,"minecraft:rail":1,"minecraft:snowball":200,"minecraft:iron_pickaxe":1,"minecraft:cobbled_deepslate":1,"minecraft:wheat":145,"minecraft:rotten_flesh":10,"minecraft:oak_planks":114,"minecraft:prismarine":3,"minecraft:carrot":112,"minecraft:oak_fence_gate":1,"minecraft:heavy_weighted_pressure_plate":2,"minecraft:leather_boots":1,"minecraft:ladder":4,"minecraft:iron_ingot":91,"minecraft:oak_slab":2,"minecraft:black_dye":4,"minecraft:mossy_cobblestone":1,"minecraft:cobblestone":67,"minecraft:iron_helmet":1,"minecraft:granite":2,"minecraft:stick":2,"minecraft:diorite":8,"minecraft:golden_carrot":8,"minecraft:wooden_hoe":2,"minecraft:rabbit":1,"minecraft:cooked_salmon":1,"minecraft:dead_bush":4,"minecraft:bucket":1,"minecraft:music_disc_cat":2,"minecraft:spruce_sapling":2,"minecraft:sweet_berries":1,"minecraft:tuff":5,"minecraft:stone_shovel":3,"minecraft:dead_bubble_coral_block":3,"minecraft:clay_ball":32,"minecraft:white_terracotta":1,"minecraft:shears":1,"minecraft:shield":1,"minecraft:spruce_planks":1,"minecraft:andesite":7,"minecraft:wooden_shovel":2,"minecraft:spider_eye":1,"minecraft:stone_pickaxe":3,"minecraft:raw_gold":4},"minecraft:mined":{"minecraft:white_bed":7,"minecraft:oak_sapling":4,"minecraft:jungle_slab":17,"minecraft:granite":139,"minecraft:budding_amethyst":37,"minecraft:red_sand":96,"minecraft:acacia_log":26,"minecraft:grass_block":255,"minecraft:dead_tube_coral_block":1,"minecraft:jungle_log":10,"minecraft:deepslate_bricks":103,"minecraft:tube_coral_block":9,"minecraft:bubble_coral_block":9,"minecraft:bamboo_block":70,"minecraft:raw_iron_block":3,"minecraft:iron_ore":116,"minecraft:cobbled_deepslate":48,"minecraft:pumpkin":5,"minecraft:anvil":1,"minecraft:deepslate_lapis_ore":59,"minecraft:fletching_table":19,"minecraft:dirt_path":2,"minecraft:brain_coral_block":19,"minecraft:deepslate_redstone_ore":10,"minecraft:gray_terracotta":11,"minecraft:cyan_terracotta":15,"minecraft:orange_terracotta":19,"minecraft:powder_snow":14,"minecraft:clay":96,"minecraft:torch":10,"minecraft:light_gray_terracotta":18,"minecraft:calcite":172,"minecraft:melon":18,"minecraft:chest":101,"minecraft:cobblestone":107,"minecraft:oak_planks":18,"minecraft:sugar_cane":31,"minecraft:prismarine":82,"minecraft:amethyst_block":187,"minecraft:cauldron":7,"minecraft:deepslate_copper_ore":95,"minecraft:white_terracotta":75,"minecraft:blue_terracotta":15,"minecraft:birch_log":52,"minecraft:wheat":123,"minecraft:blue_ice":16,"minecraft:oak_log":454,"minecraft:oak_fence_gate":3,"minecraft:dark_oak_sapling":2,"minecraft:lime_terracotta":13,"minecraft:sand":194,"minecraft:dirt":311,"minecraft:smooth_basalt":62,"minecraft:raw_copper_block":3,"minecraft:oak_leaves":144,"minecraft:horn_coral_block":11,"minecraft:deepslate":285,"minecraft:suspicious_gravel":224,"minecraft:yellow_terracotta":19,"minecraft:dark_prismarine":72,"minecraft:deepslate_tiles":52,"minecraft:diamond_ore":15,"minecraft:tuff":109,"minecraft:mossy_cobblestone":72,"minecraft:deepslate_diamond_ore":34,"minecraft:dark_oak_log":46,"minecraft:sea_lantern":36,"minecraft:cobbled_deepslate_slab":2,"minecraft:dark_oak_fence":4,"minecraft:ladder":3,"minecraft:decorated_pot":1,"minecraft:spruce_leaves":7,"minecraft:moss_block":177,"minecraft:rooted_dirt":38,"minecraft:sandstone":148,"minecraft:hay_block":11,"minecraft:redstone_ore":21,"minecraft:spruce_sapling":7,"minecraft:carrots":183,"minecraft:red_sandstone":79,"minecraft:snow":92,"minecraft:andesite":117,"minecraft:suspicious_sand":48,"minecraft:stripped_spruce_log":1,"minecraft:green_terracotta":20,"minecraft:dead_horn_coral_block":2,"minecraft:deepslate_iron_ore":86,"minecraft:packed_ice":37,"minecraft:stone":380,"minecraft:fire_coral_block":12,"minecraft:podzol":43,"minecraft:oak_slab":361,"minecraft:snow_block":92,"minecraft:oak_fence":124,"minecraft:emerald_ore":27,"minecraft:sponge":17,"minecraft:copper_ore":180,"minecraft:lectern":209,"minecraft:deepslate_coal_ore":65,"minecraft:dried_kelp_block":12,"minecraft:lapis_ore":36,"minecraft:deepslate_gold_ore":56,"minecraft:diorite":144,"minecraft:prismarine_bricks":92,"minecraft:dead_fire_coral_block":1,"minecraft:red_terracotta":10,"minecraft:sweet_berry_bush":19,"minecraft:spruce_log":89,"minecraft:dead_brain_coral_block":1,"minecraft:coal_ore":84,"minecraft:gravel":79,"minecraft:dripstone_block":133,"minecraft:brown_terracotta":14,"minecraft:terracotta":39,"minecraft:gold_ore":40,"minecraft:deepslate_emerald_ore":6},"minecraft:used":{"minecraft:iron_shovel":11,"minecraft:ladder":10,"minecraft:decorated_pot":1,"minecraft:chest":41,"minecraft:shield":33,"minecraft:iron_sword":251,"minecraft:carrot":275,"minecraft:jungle_slab":25,"minecraft:axolotl_bucket":3,"minecraft:snowball":7,"minecraft:milk_bucket":1,"minecraft:iron_helmet":1,"minecraft:sweet_berries":358,"minecraft:oak_sapling":74,"minecraft:furnace":5,"minecraft:egg":7,"minecraft:dark_oak_sapling":4,"minecraft:diamond_boots":1,"minecraft:cow_spawn_egg":1,"minecraft:stone_pickaxe":564,"minecraft:oak_planks":29,"minecraft:wooden_pickaxe":13,"minecraft:sandstone":1,"minecraft:sugar_cane":19,"minecraft:oak_leaves":20,"minecraft:sand":42,"minecraft:shears":59,"minecraft:melon_slice":87,"minecraft:lectern":212,"minecraft:cat_spawn_egg":1,"minecraft:dark_oak_fence":4,"minecraft:andesite":5,"minecraft:bone_meal":11,"minecraft:oak_fence":290,"minecraft:stone_shovel":1059,"minecraft:wooden_shovel":44,"minecraft:stone_hoe":17,"minecraft:torch":73,"minecraft:dirt":515,"minecraft:spyglass":1,"minecraft:anvil":2,"minecraft:cod_bucket":1,"minecraft:salmon_bucket":1,"minecraft:granite":9,"minecraft:oak_fence_gate":22,"minecraft:iron_hoe":100,"minecraft:wooden_axe":157,"minecraft:iron_axe":1213,"minecraft:iron_boots":2,"minecraft:bamboo":7,"minecraft:diamond_chestplate":1,"minecraft:beef":1,"minecraft:cobbled_deepslate":2,"minecraft:wheat_seeds":181,"minecraft:water_bucket":66,"minecraft:rabbit":1,"minecraft:cauldron":7,"minecraft:fletching_table":21,"minecraft:terracotta":1,"minecraft:oak_slab":1784,"minecraft:crafting_table":2,"minecraft:white_bed":8,"minecraft:spruce_log":32,"minecraft:oak_log":2,"minecraft:dark_prismarine":10,"minecraft:gray_terracotta":3,"minecraft:wooden_hoe":59,"minecraft:diamond_pickaxe":511,"minecraft:iron_pickaxe":3231,"minecraft:spruce_sapling":11,"minecraft:stone_axe":593,"minecraft:cobblestone":59,"minecraft:bucket":70,"minecraft:diamond_leggings":1},"minecraft:custom":{"minecraft:animals_bred":16,"minecraft:interact_with_crafting_table":209,"minecraft:leave_game":7,"minecraft:time_since_death":22625,"minecraft:sprint_one_cm":1155267,"minecraft:damage_blocked_by_shield":795,"minecraft:drop":107,"minecraft:talked_to_villager":296,"minecraft:play_time":602291,"minecraft:deaths":1,"minecraft:jump":3222,"minecraft:walk_on_water_one_cm":7389,"minecraft:interact_with_furnace":101,"minecraft:traded_with_villager":31,"minecraft:sleep_in_bed":13,"minecraft:damage_dealt":35698,"minecraft:crouch_one_cm":427233,"minecraft:horse_one_cm":134,"minecraft:interact_with_anvil":7,"minecraft:mob_kills":174,"minecraft:climb_one_cm":21786,"minecraft:walk_one_cm":1231842,"minecraft:sneak_time":103690,"minecraft:walk_under_water_one_cm":20882,"minecraft:total_world_time":602291,"minecraft:time_since_rest":22715,"minecraft:damage_taken":4320,"minecraft:swim_one_cm":853,"minecraft:fly_one_cm":399853,"minecraft:open_chest":1138,"minecraft:fall_one_cm":39590},"minecraft:crafted":{"minecraft:oak_planks":1804,"minecraft:bookshelf":4,"minecraft:heavy_weighted_pressure_plate":1,"minecraft:glass":31,"minecraft:diamond_helmet":1,"minecraft:diamond_leggings":1,"minecraft:iron_boots":2,"minecraft:decorated_pot":1,"minecraft:chest":32,"minecraft:stone_hoe":1,"minecraft:oak_fence":201,"minecraft:oak_slab":1470,"minecraft:wooden_shovel":2,"minecraft:emerald":28,"minecraft:cauldron":1,"minecraft:crafting_table":2,"minecraft:spruce_planks":180,"minecraft:wooden_pickaxe":1,"minecraft:iron_helmet":2,"minecraft:fletching_table":2,"minecraft:birch_planks":124,"minecraft:lectern":4,"minecraft:wooden_hoe":1,"minecraft:iron_chestplate":1,"minecraft:book":9,"minecraft:paper":27,"minecraft:diamond_pickaxe":1,"minecraft:shield":2,"minecraft:stick":1324,"minecraft:iron_ingot":172,"minecraft:iron_pickaxe":12,"minecraft:iron_block":3,"minecraft:gold_ingot":47,"minecraft:shears":2,"minecraft:stone_shovel":12,"minecraft:furnace":5,"minecraft:dark_oak_fence":3,"minecraft:iron_axe":6,"minecraft:ladder":9,"minecraft:iron_hoe":1,"minecraft:spruce_slab":18,"minecraft:stone_pickaxe":5,"minecraft:diamond_boots":1,"minecraft:dark_oak_planks":132,"minecraft:wheat":99,"minecraft:cooked_cod":2,"minecraft:cooked_salmon":6,"minecraft:bucket":1,"minecraft:stone_axe":7,"minecraft:enchanted_book":3,"minecraft:jungle_slab":12,"minecraft:air":0,"minecraft:jungle_planks":8,"minecraft:oak_fence_gate":20,"minecraft:wooden_axe":3,"minecraft:iron_shovel":1,"minecraft:iron_leggings":1,"minecraft:anvil":1,"minecraft:white_bed":1,"minecraft:acacia_planks":68,"minecraft:torch":60,"minecraft:diamond_chestplate":1},"minecraft:killed":{"minecraft:witch":9,"minecraft:spider":18,"minecraft:pufferfish":1,"minecraft:skeleton":24,"minecraft:guardian":3,"minecraft:wolf":4,"minecraft:creeper":20,"minecraft:pillager":6,"minecraft:zombie":34,"minecraft:stray":11,"minecraft:glow_squid":1,"minecraft:vex":3,"minecraft:vindicator":6,"minecraft:drowned":6,"minecraft:husk":23,"minecraft:squid":1,"minecraft:polar_bear":3},"minecraft:picked_up":{"minecraft:seagrass":5,"minecraft:music_disc_strad":2,"minecraft:wheat":114,"minecraft:chainmail_boots":1,"minecraft:anvil":1,"minecraft:prismarine_shard":3,"minecraft:sentry_armor_trim_smithing_template":1,"minecraft:wither_rose":1,"minecraft:potion":1,"minecraft:golden_sword":1,"minecraft:amethyst_block":187,"minecraft:cod_bucket":1,"minecraft:music_disc_cat":4,"minecraft:wayfinder_armor_trim_smithing_template":1,"minecraft:string":34,"minecraft:dead_tube_coral_block":10,"minecraft:raw_copper":938,"minecraft:cooked_salmon":1,"minecraft:explorer_pottery_sherd":25,"minecraft:pufferfish":1,"minecraft:experience_bottle":10,"minecraft:beetroot":3,"minecraft:deepslate_tiles":52,"minecraft:red_sand":94,"minecraft:cobbled_deepslate":381,"minecraft:bucket":1,"minecraft:iron_pickaxe":1,"minecraft:rose_bush":2,"minecraft:bubble_coral":5,"minecraft:calcite":171,"minecraft:azalea":9,"minecraft:wooden_shovel":2,"minecraft:melon_slice":90,"minecraft:tipped_arrow":8,"minecraft:golden_helmet":3,"minecraft:stick":61,"minecraft:sheaf_pottery_sherd":65,"minecraft:music_disc_blocks":3,"minecraft:big_dripleaf":6,"minecraft:brown_terracotta":14,"minecraft:oak_fence":118,"minecraft:torch":20,"minecraft:acacia_log":26,"minecraft:dried_kelp":2,"minecraft:diorite":158,"minecraft:pointed_dripstone":7,"minecraft:music_disc_pigstep":1,"minecraft:vine":9,"minecraft:rabbit_foot":2,"minecraft:green_terracotta":20,"minecraft:cauldron":7,"minecraft:black_dye":8,"minecraft:shaper_armor_trim_smithing_template":1,"minecraft:phantom_spawn_egg":1,"minecraft:bamboo_block":70,"minecraft:cactus":10,"minecraft:rotten_flesh":62,"minecraft:tropical_fish":6,"minecraft:salmon_bucket":1,"minecraft:music_disc_ward":1,"minecraft:cow_spawn_egg":1,"minecraft:cyan_terracotta":15,"minecraft:white_terracotta":74,"minecraft:fire_coral_fan":1,"minecraft:host_armor_trim_smithing_template":1,"minecraft:cod":2,"minecraft:snowball":609,"minecraft:cobblestone":618,"minecraft:sponge":17,"minecraft:birch_log":52,"minecraft:dune_armor_trim_smithing_template":1,"minecraft:leather_chestplate":1,"minecraft:feather":39,"minecraft:raiser_armor_trim_smithing_template":1,"minecraft:jungle_log":10,"minecraft:water_bucket":1,"minecraft:andesite":123,"minecraft:powder_snow_bucket":1,"minecraft:flint":6,"minecraft:tuff":114,"minecraft:light_gray_dye":5,"minecraft:prismarine_bricks":92,"minecraft:danger_pottery_sherd":16,"minecraft:horn_coral":2,"minecraft:map":1,"minecraft:lapis_lazuli":624,"minecraft:dirt":530,"minecraft:disc_fragment_5":2,"minecraft:twisting_vines":4,"minecraft:leather_boots":3,"minecraft:bone":63,"minecraft:gray_terracotta":11,"minecraft:bow":8,"minecraft:wheat_seeds":333,"minecraft:small_dripleaf":8,"minecraft:raw_gold":99,"minecraft:cobbled_deepslate_slab":2,"minecraft:light_blue_dye":2,"minecraft:fletching_table":19,"minecraft:rabbit":2,"minecraft:glowstone_dust":3,"minecraft:bamboo":13,"minecraft:moss_block":190,"minecraft:prismarine":85,"minecraft:oak_planks":111,"minecraft:brain_coral":2,"minecraft:glow_lichen":5,"minecraft:lime_terracotta":13,"minecraft:axolotl_bucket":1,"minecraft:enderman_spawn_egg":1,"minecraft:sand":193,"minecraft:stripped_spruce_log":1,"minecraft:ink_sac":25,"minecraft:dead_bush":20,"minecraft:grass_block":1,"minecraft:lily_of_the_valley":1,"minecraft:jungle_slab":22,"minecraft:dark_oak_log":46,"minecraft:red_terracotta":10,"minecraft:mossy_cobblestone":72,"minecraft:dark_prismarine":72,"minecraft:light_gray_terracotta":18,"minecraft:blue_terracotta":15,"minecraft:sugar":6,"minecraft:diamond":81,"minecraft:angler_pottery_sherd":4,"minecraft:writable_book":3,"minecraft:miner_pottery_sherd":8,"minecraft:dead_brain_coral_block":20,"minecraft:blue_ice":2,"minecraft:crossbow":1,"minecraft:granite":140,"minecraft:bone_meal":21,"minecraft:golden_apple":6,"minecraft:emerald":47,"minecraft:rooted_dirt":38,"minecraft:plenty_pottery_sherd":16,"minecraft:oak_sapling":73,"minecraft:dark_oak_fence":4,"minecraft:oak_leaves":56,"minecraft:cocoa_beans":9,"minecraft:shelter_pottery_sherd":8,"minecraft:bubble_coral_fan":1,"minecraft:azure_bluet":2,"minecraft:chicken":1,"minecraft:ladder":5,"minecraft:clay_ball":415,"minecraft:mourner_pottery_sherd":8,"minecraft:dead_horn_coral_block":13,"minecraft:magma_cube_spawn_egg":1,"minecraft:shield":1,"minecraft:fire_coral":2,"minecraft:heavy_weighted_pressure_plate":1,"minecraft:iron_axe":1,"minecraft:cat_spawn_egg":1,"minecraft:candle":11,"minecraft:music_disc_otherside":1,"minecraft:beef":1,"minecraft:jungle_sapling":3,"minecraft:lectern":209,"minecraft:sugar_cane":63,"minecraft:chest":101,"minecraft:birch_sapling":5,"minecraft:raw_copper_block":3,"minecraft:egg":9,"minecraft:dark_oak_sapling":13,"minecraft:hoglin_spawn_egg":2,"minecraft:raw_iron":202,"minecraft:sandstone":148,"minecraft:music_disc_relic":2,"minecraft:copper_ingot":3,"minecraft:music_disc_mellohi":2,"minecraft:amethyst_cluster":17,"minecraft:white_dye":3,"minecraft:pufferfish_spawn_egg":2,"minecraft:skull_pottery_sherd":17,"minecraft:trident":2,"minecraft:carrot":673,"minecraft:friend_pottery_sherd":21,"minecraft:redstone":141,"minecraft:prismarine_crystals":89,"minecraft:chicken_spawn_egg":1,"minecraft:howl_pottery_sherd":19,"minecraft:tube_coral":1,"minecraft:arrow":40,"minecraft:stone_shovel":3,"minecraft:tube_coral_fan":1,"minecraft:shears":1,"minecraft:deepslate_bricks":103,"minecraft:hay_block":11,"minecraft:yellow_terracotta":19,"minecraft:pink_tulip":3,"minecraft:gold_ingot":4,"minecraft:glow_berries":18,"minecraft:mutton":3,"minecraft:oxeye_daisy":5,"minecraft:white_wool":4,"minecraft:rail":16,"minecraft:heartbreak_pottery_sherd":27,"minecraft:golden_carrot":13,"minecraft:burn_pottery_sherd":12,"minecraft:glow_ink_sac":14,"minecraft:salmon":6,"minecraft:leather":16,"minecraft:yellow_dye":4,"minecraft:music_disc_stal":1,"minecraft:ice":1,"minecraft:oak_log":449,"minecraft:gunpowder":12,"minecraft:wooden_hoe":2,"minecraft:heart_pottery_sherd":18,"minecraft:paper":14,"minecraft:orange_terracotta":19,"minecraft:coast_armor_trim_smithing_template":2,"minecraft:witch_spawn_egg":1,"minecraft:apple":20,"minecraft:wild_armor_trim_smithing_template":1,"minecraft:kelp":10,"minecraft:red_sandstone":118,"minecraft:rabbit_hide":4,"minecraft:spore_blossom":8,"minecraft:silverfish_spawn_egg":1,"minecraft:music_disc_far":1,"minecraft:iron_ingot":93,"minecraft:oak_fence_gate":3,"minecraft:stone_pickaxe":3,"minecraft:cobweb":3,"minecraft:blade_pottery_sherd":12,"minecraft:glass_bottle":5,"minecraft:iron_sword":1,"minecraft:arms_up_pottery_sherd":15,"minecraft:flowering_azalea":4,"minecraft:acacia_sapling":6,"minecraft:green_dye":2,"minecraft:book":7,"minecraft:sculk_catalyst":1,"minecraft:oak_slab":382,"minecraft:smooth_basalt":62,"minecraft:pumpkin":5,"minecraft:sweet_berries":647,"minecraft:budding_amethyst":11,"minecraft:spyglass":1,"minecraft:raw_iron_block":3,"minecraft:dripstone_block":133,"minecraft:gravel":73,"minecraft:brain_coral_fan":1,"minecraft:dead_fire_coral_block":13,"minecraft:amethyst_shard":16,"minecraft:prize_pottery_sherd":14,"minecraft:spruce_sapling":30,"minecraft:white_bed":7,"minecraft:spruce_log":97,"minecraft:spider_eye":10,"minecraft:archer_pottery_sherd":13,"minecraft:leather_helmet":1,"minecraft:brewer_pottery_sherd":22,"minecraft:pumpkin_seeds":4,"minecraft:dried_kelp_block":12,"minecraft:slime_ball":4,"minecraft:snort_pottery_sherd":18,"minecraft:tide_armor_trim_smithing_template":1,"minecraft:dead_bubble_coral_block":15,"minecraft:iron_helmet":6,"minecraft:gray_wool":1,"minecraft:terracotta":38,"minecraft:melon_seeds":2,"minecraft:coal":161,"minecraft:mangrove_propagule":2}},"DataVersion":3700}