{"stats":{"minecraft:custom":{"minecraft:time_since_rest":30415,"minecraft:sprint_one_cm":14568,"minecraft:walk_one_cm":42251,"minecraft:interact_with_crafting_table":25,"minecraft:fly_one_cm":7372,"minecraft:open_chest":7,"minecraft:crouch_one_cm":35471,"minecraft:play_time":30415,"minecraft:sneak_time":17267,"minecraft:jump":63,"minecraft:leave_game":1,"minecraft:time_since_death":30415,"minecraft:total_world_time":30415,"minecraft:fall_one_cm":1254},"minecraft:mined":{"minecraft:podzol":30,"minecraft:oak_slab":7,"minecraft:birch_log":25,"minecraft:pumpkin":4,"minecraft:oak_fence":1,"minecraft:clay":23,"minecraft:coal_ore":1,"minecraft:grass_block":132,"minecraft:oak_log":61,"minecraft:melon":12,"minecraft:chest":12,"minecraft:dirt":1,"minecraft:stone":12},"minecraft:picked_up":{"minecraft:birch_log":25,"minecraft:oak_slab":4,"minecraft:golden_carrot":1,"minecraft:clay_ball":92,"minecraft:pumpkin":4,"minecraft:oak_fence":1,"minecraft:leather":3,"minecraft:oak_log":61,"minecraft:grass_block":1,"minecraft:carrot":1,"minecraft:dirt":163,"minecraft:pumpkin_seeds":2,"minecraft:apple":5,"minecraft:wheat_seeds":2,"minecraft:azalea":2,"minecraft:oak_sapling":2,"minecraft:melon_slice":60,"minecraft:chest":12,"minecraft:birch_sapling":2,"minecraft:coal":1,"minecraft:cobblestone":12,"minecraft:egg":6},"minecraft:broken":{"minecraft:wooden_axe":2},"minecraft:used":{"minecraft:oak_fence":20,"minecraft:wooden_axe":132,"minecraft:chest":3,"minecraft:wooden_pickaxe":13,"minecraft:torch":1,"minecraft:dirt":17,"minecraft:oak_slab":202,"minecraft:crafting_table":1,"minecraft:oak_sapling":1,"minecraft:egg":6,"minecraft:oak_fence_gate":2},"minecraft:crafted":{"minecraft:oak_slab":210,"minecraft:oak_fence_gate":2,"minecraft:oak_planks":248,"minecraft:crafting_table":1,"minecraft:stick":32,"minecraft:wooden_pickaxe":1,"minecraft:stone_pickaxe":1,"minecraft:wooden_axe":3,"minecraft:chest":3,"minecraft:birch_planks":88,"minecraft:oak_fence":21}},"DataVersion":3700}