{"stats":{"minecraft:dropped":{"minecraft:rabbit":1},"minecraft:used":{"minecraft:oak_fence":33,"minecraft:stone_shovel":216,"minecraft:chest":8,"minecraft:stone_hoe":10,"minecraft:torch":1,"minecraft:dirt":90,"minecraft:granite":9,"minecraft:oak_fence_gate":2,"minecraft:wooden_axe":157,"minecraft:iron_boots":1,"minecraft:oak_sapling":1,"minecraft:furnace":1,"minecraft:egg":6,"minecraft:wheat_seeds":2,"minecraft:water_bucket":5,"minecraft:stone_pickaxe":563,"minecraft:oak_planks":4,"minecraft:wooden_pickaxe":13,"minecraft:terracotta":1,"minecraft:oak_slab":394,"minecraft:crafting_table":2,"minecraft:gray_terracotta":3,"minecraft:melon_slice":24,"minecraft:iron_pickaxe":409,"minecraft:spruce_sapling":1,"minecraft:stone_axe":163,"minecraft:bucket":4,"minecraft:andesite":1},"minecraft:broken":{"minecraft:stone_pickaxe":3,"minecraft:stone_axe":1,"minecraft:iron_pickaxe":1,"minecraft:wooden_axe":2,"minecraft:stone_shovel":1},"minecraft:killed":{"minecraft:spider":3,"minecraft:wolf":3,"minecraft:creeper":2,"minecraft:polar_bear":3,"minecraft:zombie":5,"minecraft:stray":11},"minecraft:crafted":{"minecraft:oak_planks":368,"minecraft:stone_shovel":3,"minecraft:furnace":1,"minecraft:iron_boots":1,"minecraft:stone_pickaxe":5,"minecraft:chest":4,"minecraft:stone_hoe":1,"minecraft:oak_fence":33,"minecraft:oak_slab":354,"minecraft:crafting_table":2,"minecraft:wooden_pickaxe":1,"minecraft:iron_helmet":1,"minecraft:birch_planks":92,"minecraft:stone_axe":2,"minecraft:air":0,"minecraft:oak_fence_gate":2,"minecraft:iron_chestplate":1,"minecraft:stick":68,"minecraft:iron_ingot":47,"minecraft:iron_pickaxe":2,"minecraft:wooden_axe":3,"minecraft:iron_leggings":1},"minecraft:mined":{"minecraft:dark_oak_log":3,"minecraft:granite":84,"minecraft:budding_amethyst":6,"minecraft:grass_block":221,"minecraft:raw_iron_block":1,"minecraft:iron_ore":54,"minecraft:andesite":56,"minecraft:pumpkin":5,"minecraft:packed_ice":27,"minecraft:stone":231,"minecraft:podzol":36,"minecraft:oak_slab":34,"minecraft:gray_terracotta":11,"minecraft:snow_block":91,"minecraft:powder_snow":14,"minecraft:clay":32,"minecraft:oak_fence":2,"minecraft:calcite":66,"minecraft:melon":15,"minecraft:chest":33,"minecraft:copper_ore":81,"minecraft:oak_planks":2,"minecraft:diorite":79,"minecraft:amethyst_block":60,"minecraft:white_terracotta":31,"minecraft:blue_terracotta":3,"minecraft:birch_log":41,"minecraft:blue_ice":16,"minecraft:spruce_log":16,"minecraft:coal_ore":30,"minecraft:oak_log":88,"minecraft:gravel":35,"minecraft:dripstone_block":9,"minecraft:dirt":59,"minecraft:smooth_basalt":28,"minecraft:terracotta":18,"minecraft:raw_copper_block":3,"minecraft:gold_ore":10,"minecraft:suspicious_gravel":29},"minecraft:custom":{"minecraft:mob_kills":27,"minecraft:interact_with_crafting_table":60,"minecraft:leave_game":2,"minecraft:time_since_death":108377,"minecraft:sprint_one_cm":74680,"minecraft:walk_one_cm":154849,"minecraft:drop":1,"minecraft:play_time":108377,"minecraft:sneak_time":38247,"minecraft:walk_under_water_one_cm":1634,"minecraft:jump":325,"minecraft:walk_on_water_one_cm":201,"minecraft:total_world_time":108377,"minecraft:interact_with_furnace":20,"minecraft:time_since_rest":108377,"minecraft:damage_taken":432,"minecraft:damage_dealt":5467,"minecraft:fly_one_cm":33650,"minecraft:open_chest":80,"minecraft:crouch_one_cm":93081,"minecraft:fall_one_cm":3100},"minecraft:picked_up":{"minecraft:music_disc_strad":1,"minecraft:clay_ball":127,"minecraft:amethyst_block":60,"minecraft:string":6,"minecraft:raw_copper":286,"minecraft:calcite":65,"minecraft:azalea":5,"minecraft:melon_slice":76,"minecraft:chest":32,"minecraft:birch_sapling":2,"minecraft:raw_copper_block":3,"minecraft:egg":8,"minecraft:tipped_arrow":8,"minecraft:dark_oak_sapling":5,"minecraft:raw_iron":54,"minecraft:sheaf_pottery_sherd":36,"minecraft:music_disc_blocks":2,"minecraft:copper_ingot":1,"minecraft:oak_fence":2,"minecraft:music_disc_mellohi":1,"minecraft:amethyst_cluster":1,"minecraft:diorite":79,"minecraft:carrot":1,"minecraft:rabbit_foot":2,"minecraft:howl_pottery_sherd":15,"minecraft:arrow":13,"minecraft:rotten_flesh":7,"minecraft:gold_ingot":4,"minecraft:white_terracotta":31,"minecraft:host_armor_trim_smithing_template":1,"minecraft:mutton":3,"minecraft:white_wool":3,"minecraft:snowball":371,"minecraft:rail":4,"minecraft:cobblestone":231,"minecraft:heartbreak_pottery_sherd":19,"minecraft:birch_log":41,"minecraft:feather":14,"minecraft:golden_carrot":3,"minecraft:andesite":56,"minecraft:leather":12,"minecraft:powder_snow_bucket":1,"minecraft:ice":1,"minecraft:flint":4,"minecraft:oak_log":88,"minecraft:gunpowder":1,"minecraft:map":1,"minecraft:dirt":314,"minecraft:disc_fragment_5":2,"minecraft:leather_boots":1,"minecraft:bone":20,"minecraft:apple":6,"minecraft:gray_terracotta":11,"minecraft:bow":2,"minecraft:wheat_seeds":4,"minecraft:raw_gold":10,"minecraft:rabbit_hide":4,"minecraft:rabbit":2,"minecraft:oak_planks":2,"minecraft:book":2,"minecraft:glow_lichen":3,"minecraft:oak_slab":49,"minecraft:smooth_basalt":28,"minecraft:pumpkin":5,"minecraft:sweet_berries":3,"minecraft:budding_amethyst":2,"minecraft:dripstone_block":9,"minecraft:raw_iron_block":1,"minecraft:gravel":31,"minecraft:amethyst_shard":3,"minecraft:spruce_sapling":6,"minecraft:ink_sac":4,"minecraft:grass_block":1,"minecraft:spruce_log":16,"minecraft:dark_oak_log":3,"minecraft:pumpkin_seeds":2,"minecraft:blue_terracotta":3,"minecraft:writable_book":1,"minecraft:iron_helmet":2,"minecraft:blue_ice":2,"minecraft:granite":83,"minecraft:bone_meal":9,"minecraft:gray_wool":1,"minecraft:terracotta":17,"minecraft:oak_sapling":3,"minecraft:coal":39}},"DataVersion":3700}