{"stats":{"minecraft:custom":{"minecraft:time_since_rest":18415,"minecraft:sprint_one_cm":7354,"minecraft:walk_one_cm":21882,"minecraft:interact_with_crafting_table":11,"minecraft:fly_one_cm":2339,"minecraft:open_chest":5,"minecraft:crouch_one_cm":25569,"minecraft:play_time":18415,"minecraft:sneak_time":11443,"minecraft:jump":27,"minecraft:leave_game":1,"minecraft:time_since_death":18415,"minecraft:total_world_time":18415,"minecraft:fall_one_cm":418},"minecraft:mined":{"minecraft:podzol":9,"minecraft:oak_slab":7,"minecraft:birch_log":7,"minecraft:pumpkin":3,"minecraft:clay":15,"minecraft:grass_block":91,"minecraft:oak_log":43,"minecraft:melon":9,"minecraft:chest":9},"minecraft:picked_up":{"minecraft:birch_log":7,"minecraft:oak_slab":4,"minecraft:clay_ball":60,"minecraft:pumpkin":3,"minecraft:leather":3,"minecraft:oak_log":43,"minecraft:carrot":1,"minecraft:dirt":100,"minecraft:pumpkin_seeds":2,"minecraft:wheat_seeds":2,"minecraft:azalea":2,"minecraft:oak_sapling":1,"minecraft:melon_slice":44,"minecraft:chest":9,"minecraft:egg":2},"minecraft:broken":{"minecraft:wooden_axe":1},"minecraft:used":{"minecraft:oak_fence":9,"minecraft:wooden_axe":74,"minecraft:dirt":8,"minecraft:oak_slab":135,"minecraft:crafting_table":1,"minecraft:egg":4,"minecraft:oak_fence_gate":1},"minecraft:crafted":{"minecraft:oak_slab":132,"minecraft:oak_fence_gate":1,"minecraft:oak_planks":192,"minecraft:crafting_table":1,"minecraft:stick":16,"minecraft:wooden_pickaxe":1,"minecraft:wooden_axe":2,"minecraft:oak_fence":9}},"DataVersion":3700}