{"stats":{"minecraft:custom":{"minecraft:interact_with_furnace":16,"minecraft:mob_kills":8,"minecraft:interact_with_crafting_table":47,"minecraft:leave_game":2,"minecraft:time_since_death":66463,"minecraft:time_since_rest":66463,"minecraft:sprint_one_cm":49355,"minecraft:damage_taken":273,"minecraft:walk_one_cm":101722,"minecraft:damage_dealt":1667,"minecraft:fly_one_cm":19259,"minecraft:open_chest":23,"minecraft:crouch_one_cm":63297,"minecraft:play_time":66463,"minecraft:sneak_time":34043,"minecraft:jump":192,"minecraft:total_world_time":66463,"minecraft:fall_one_cm":1730},"minecraft:picked_up":{"minecraft:birch_log":37,"minecraft:feather":13,"minecraft:golden_carrot":3,"minecraft:clay_ball":104,"minecraft:andesite":21,"minecraft:leather":10,"minecraft:oak_log":81,"minecraft:gunpowder":1,"minecraft:amethyst_block":27,"minecraft:map":1,"minecraft:string":4,"minecraft:dirt":236,"minecraft:raw_copper":176,"minecraft:apple":5,"minecraft:gray_terracotta":2,"minecraft:wheat_seeds":2,"minecraft:raw_gold":3,"minecraft:calcite":22,"minecraft:azalea":5,"minecraft:melon_slice":66,"minecraft:chest":21,"minecraft:birch_sapling":2,"minecraft:egg":8,"minecraft:book":2,"minecraft:oak_slab":19,"minecraft:glow_lichen":3,"minecraft:raw_iron":30,"minecraft:smooth_basalt":8,"minecraft:music_disc_blocks":1,"minecraft:pumpkin":5,"minecraft:oak_fence":2,"minecraft:budding_amethyst":2,"minecraft:music_disc_mellohi":1,"minecraft:amethyst_cluster":1,"minecraft:amethyst_shard":3,"minecraft:spruce_sapling":3,"minecraft:ink_sac":4,"minecraft:diorite":38,"minecraft:grass_block":1,"minecraft:carrot":1,"minecraft:pumpkin_seeds":2,"minecraft:rotten_flesh":4,"minecraft:granite":30,"minecraft:gray_wool":1,"minecraft:oak_sapling":3,"minecraft:mutton":3,"minecraft:coal":36,"minecraft:white_wool":2,"minecraft:rail":1,"minecraft:cobblestone":138},"minecraft:mined":{"minecraft:podzol":36,"minecraft:gray_terracotta":2,"minecraft:oak_slab":15,"minecraft:powder_snow":1,"minecraft:clay":26,"minecraft:oak_fence":2,"minecraft:granite":29,"minecraft:grass_block":153,"minecraft:calcite":22,"minecraft:melon":13,"minecraft:chest":21,"minecraft:copper_ore":50,"minecraft:diorite":38,"minecraft:amethyst_block":27,"minecraft:birch_log":37,"minecraft:iron_ore":30,"minecraft:andesite":21,"minecraft:pumpkin":5,"minecraft:oak_log":81,"minecraft:coal_ore":27,"minecraft:dirt":47,"minecraft:smooth_basalt":8,"minecraft:stone":138,"minecraft:gold_ore":3},"minecraft:killed":{"minecraft:spider":3,"minecraft:creeper":2,"minecraft:zombie":3},"minecraft:used":{"minecraft:oak_fence":33,"minecraft:stone_pickaxe":419,"minecraft:oak_planks":2,"minecraft:chest":3,"minecraft:wooden_pickaxe":13,"minecraft:torch":1,"minecraft:dirt":80,"minecraft:oak_slab":347,"minecraft:crafting_table":2,"minecraft:granite":9,"minecraft:oak_fence_gate":2,"minecraft:wooden_axe":157,"minecraft:melon_slice":15,"minecraft:iron_pickaxe":4,"minecraft:iron_boots":1,"minecraft:spruce_sapling":1,"minecraft:stone_axe":50,"minecraft:oak_sapling":1,"minecraft:furnace":1,"minecraft:egg":6},"minecraft:broken":{"minecraft:stone_pickaxe":3,"minecraft:wooden_axe":2},"minecraft:crafted":{"minecraft:oak_slab":354,"minecraft:oak_planks":304,"minecraft:crafting_table":2,"minecraft:wooden_pickaxe":1,"minecraft:iron_helmet":1,"minecraft:furnace":1,"minecraft:birch_planks":88,"minecraft:stone_axe":1,"minecraft:air":0,"minecraft:oak_fence_gate":2,"minecraft:iron_boots":1,"minecraft:iron_chestplate":1,"minecraft:stick":60,"minecraft:iron_ingot":28,"minecraft:iron_pickaxe":1,"minecraft:stone_pickaxe":5,"minecraft:wooden_axe":3,"minecraft:chest":3,"minecraft:iron_leggings":1,"minecraft:oak_fence":33}},"DataVersion":3700}