{"stats":{"minecraft:dropped":{"minecraft:diamond":30,"minecraft:red_sandstone":39,"minecraft:music_disc_relic":1,"minecraft:quartz_pillar":30,"minecraft:rail":3,"minecraft:dirt":1,"minecraft:gold_nugget":3,"minecraft:iron_pickaxe":1,"minecraft:cobbled_deepslate":23,"minecraft:wheat":145,"minecraft:rotten_flesh":14,"minecraft:oak_planks":137,"minecraft:dead_fire_coral_block":1,"minecraft:deepslate_tiles":1,"minecraft:heavy_weighted_pressure_plate":2,"minecraft:quartz_block":3,"minecraft:honey_block":3,"minecraft:leather_boots":1,"minecraft:ladder":4,"minecraft:red_nether_bricks":1,"minecraft:enchanted_book":8,"minecraft:iron_ingot":133,"minecraft:black_dye":4,"minecraft:cobblestone":123,"minecraft:iron_helmet":3,"minecraft:granite":2,"minecraft:disc_fragment_5":2,"minecraft:jungle_slab":2,"minecraft:golden_carrot":8,"minecraft:wooden_hoe":2,"minecraft:rabbit":1,"minecraft:cooked_salmon":1,"minecraft:diamond_helmet":1,"minecraft:dead_bush":4,"minecraft:brown_terracotta":1,"minecraft:string":12,"minecraft:acacia_planks":7,"minecraft:spruce_sapling":2,"minecraft:stone_shovel":4,"minecraft:clay_ball":32,"minecraft:white_terracotta":1,"minecraft:shears":1,"minecraft:shroomlight":1,"minecraft:spruce_planks":1,"minecraft:wooden_shovel":2,"minecraft:spider_eye":1,"minecraft:red_sand":5,"minecraft:dark_prismarine":1,"minecraft:moss_block":5,"minecraft:soul_sand":1,"minecraft:oak_log":19,"minecraft:jungle_planks":10,"minecraft:netherite_scrap":10,"minecraft:snowball":200,"minecraft:honeycomb_block":1,"minecraft:pink_terracotta":5,"minecraft:blackstone":1,"minecraft:cherry_sapling":1,"minecraft:prismarine":3,"minecraft:stray_spawn_egg":1,"minecraft:carrot":166,"minecraft:oak_fence_gate":1,"minecraft:mangrove_log":7,"minecraft:acacia_slab":1,"minecraft:chest":2,"minecraft:prismarine_bricks":1,"minecraft:netherrack":12,"minecraft:oak_slab":5,"minecraft:mossy_cobblestone":4,"minecraft:diamond_leggings":1,"minecraft:stick":32,"minecraft:pearlescent_froglight":1,"minecraft:diorite":19,"minecraft:torch":1,"minecraft:nether_wart_block":2,"minecraft:raw_iron_block":3,"minecraft:bucket":1,"minecraft:music_disc_cat":2,"minecraft:sweet_berries":1,"minecraft:chiseled_quartz_block":6,"minecraft:raw_copper":18,"minecraft:tuff":6,"minecraft:dead_bubble_coral_block":3,"minecraft:shield":1,"minecraft:diamond_chestplate":1,"minecraft:andesite":7,"minecraft:oak_sapling":1,"minecraft:diamond_boots":2,"minecraft:stone_pickaxe":3,"minecraft:raw_gold":7,"minecraft:magenta_terracotta":2},"minecraft:used":{"minecraft:ladder":10,"minecraft:chest":69,"minecraft:jungle_slab":55,"minecraft:snowball":7,"minecraft:lava_bucket":1,"minecraft:bow":58,"minecraft:sweet_berries":358,"minecraft:oak_sapling":282,"minecraft:furnace":5,"minecraft:egg":11,"minecraft:cow_spawn_egg":1,"minecraft:wooden_pickaxe":13,"minecraft:oak_leaves":20,"minecraft:sand":42,"minecraft:deepslate_tiles":6,"minecraft:lectern":250,"minecraft:cat_spawn_egg":1,"minecraft:dark_oak_fence":4,"minecraft:smithing_table":2,"minecraft:netherrack":6,"minecraft:torch":94,"minecraft:anvil":2,"minecraft:cod_bucket":1,"minecraft:oak_fence_gate":22,"minecraft:iron_axe":2443,"minecraft:bamboo":28,"minecraft:diamond_chestplate":2,"minecraft:beef":1,"minecraft:cobbled_deepslate":3,"minecraft:acacia_planks":8,"minecraft:wheat_seeds":333,"minecraft:water_bucket":71,"minecraft:rabbit":1,"minecraft:cauldron":7,"minecraft:fletching_table":21,"minecraft:gilded_blackstone":1,"minecraft:oak_slab":2168,"minecraft:crafting_table":2,"minecraft:white_bed":15,"minecraft:spruce_log":32,"minecraft:oak_log":6,"minecraft:mud":11,"minecraft:dark_prismarine":10,"minecraft:diamond_pickaxe":3250,"minecraft:iron_pickaxe":3811,"minecraft:spruce_sapling":11,"minecraft:cobblestone":59,"minecraft:diamond_leggings":2,"minecraft:iron_shovel":11,"minecraft:decorated_pot":1,"minecraft:shield":137,"minecraft:iron_sword":251,"minecraft:carrot":533,"minecraft:axolotl_bucket":3,"minecraft:obsidian":10,"minecraft:milk_bucket":1,"minecraft:iron_helmet":2,"minecraft:golden_sword":5,"minecraft:pearlescent_froglight":5,"minecraft:dark_oak_sapling":4,"minecraft:diamond_boots":2,"minecraft:stone_pickaxe":564,"minecraft:oak_planks":29,"minecraft:sandstone":1,"minecraft:sugar_cane":19,"minecraft:diamond_axe":812,"minecraft:ochre_froglight":2,"minecraft:shears":59,"minecraft:melon_slice":87,"minecraft:gravel":8,"minecraft:golden_helmet":1,"minecraft:andesite":5,"minecraft:bone_meal":11,"minecraft:experience_bottle":12,"minecraft:oak_fence":301,"minecraft:flint_and_steel":1,"minecraft:stone_shovel":1399,"minecraft:wooden_shovel":54,"minecraft:stone_hoe":147,"minecraft:dirt":552,"minecraft:spyglass":1,"minecraft:diamond_helmet":3,"minecraft:salmon_bucket":1,"minecraft:granite":9,"minecraft:iron_hoe":114,"minecraft:wooden_axe":157,"minecraft:acacia_slab":27,"minecraft:iron_boots":2,"minecraft:terracotta":1,"minecraft:gray_terracotta":3,"minecraft:wooden_hoe":59,"minecraft:budding_amethyst":1,"minecraft:stone_axe":836,"minecraft:bucket":75},"minecraft:broken":{"minecraft:iron_boots":1,"minecraft:iron_chestplate":1,"minecraft:iron_leggings":1,"minecraft:golden_sword":2,"minecraft:iron_sword":1,"minecraft:iron_axe":11,"minecraft:iron_pickaxe":15,"minecraft:iron_helmet":1,"minecraft:wooden_hoe":1,"minecraft:golden_helmet":1,"minecraft:golden_leggings":1,"minecraft:stone_pickaxe":3,"minecraft:stone_axe":8,"minecraft:wooden_axe":2,"minecraft:stone_shovel":8},"minecraft:killed":{"minecraft:pufferfish":1,"minecraft:skeleton":52,"minecraft:guardian":3,"minecraft:fox":1,"minecraft:skeleton_horse":29,"minecraft:magma_cube":64,"minecraft:pillager":6,"minecraft:goat":1,"minecraft:zombie":34,"minecraft:glow_squid":1,"minecraft:cow":24,"minecraft:vindicator":6,"minecraft:zoglin":2,"minecraft:horse":1,"minecraft:warden":1,"minecraft:husk":23,"minecraft:polar_bear":3,"minecraft:zombified_piglin":10,"minecraft:witch":10,"minecraft:spider":18,"minecraft:bee":16,"minecraft:wolf":4,"minecraft:piglin":2,"minecraft:zombie_villager":6,"minecraft:strider":6,"minecraft:creeper":20,"minecraft:stray":11,"minecraft:ghast":2,"minecraft:blaze":7,"minecraft:vex":3,"minecraft:slime":269,"minecraft:phantom":2,"minecraft:drowned":6,"minecraft:hoglin":2,"minecraft:squid":1,"minecraft:wither_skeleton":2},"minecraft:crafted":{"minecraft:bookshelf":6,"minecraft:glass":31,"minecraft:diamond_helmet":2,"minecraft:diamond_leggings":2,"minecraft:decorated_pot":1,"minecraft:wooden_shovel":2,"minecraft:emerald":230,"minecraft:diamond_axe":1,"minecraft:acacia_slab":30,"minecraft:smithing_table":1,"minecraft:fletching_table":2,"minecraft:lectern":6,"minecraft:wooden_hoe":1,"minecraft:iron_pickaxe":15,"minecraft:iron_block":3,"minecraft:gold_ingot":144,"minecraft:netherite_ingot":3,"minecraft:stone_shovel":15,"minecraft:dark_oak_fence":3,"minecraft:ladder":9,"minecraft:spruce_slab":18,"minecraft:stone_pickaxe":5,"minecraft:diamond_boots":2,"minecraft:dark_oak_planks":136,"minecraft:wheat":99,"minecraft:enchanted_book":21,"minecraft:jungle_slab":24,"minecraft:oak_fence_gate":20,"minecraft:wooden_axe":3,"minecraft:iron_shovel":1,"minecraft:iron_leggings":1,"minecraft:white_bed":8,"minecraft:oak_planks":5520,"minecraft:heavy_weighted_pressure_plate":1,"minecraft:bow":1,"minecraft:iron_boots":2,"minecraft:chest":60,"minecraft:stone_hoe":3,"minecraft:oak_fence":210,"minecraft:oak_slab":1842,"minecraft:arrow":64,"minecraft:cauldron":1,"minecraft:crafting_table":2,"minecraft:spruce_planks":228,"minecraft:wooden_pickaxe":1,"minecraft:iron_helmet":2,"minecraft:birch_planks":136,"minecraft:book":31,"minecraft:iron_chestplate":1,"minecraft:paper":93,"minecraft:diamond_pickaxe":2,"minecraft:shield":2,"minecraft:stick":8143,"minecraft:iron_ingot":301,"minecraft:shears":3,"minecraft:furnace":5,"minecraft:flint_and_steel":1,"minecraft:iron_axe":12,"minecraft:iron_hoe":2,"minecraft:netherite_scrap":8,"minecraft:cooked_cod":2,"minecraft:diamond_sword":1,"minecraft:cooked_salmon":6,"minecraft:bucket":1,"minecraft:stone_axe":9,"minecraft:air":0,"minecraft:jungle_planks":88,"minecraft:anvil":1,"minecraft:acacia_planks":100,"minecraft:torch":76,"minecraft:diamond_chestplate":2},"minecraft:custom":{"minecraft:interact_with_crafting_table":293,"minecraft:leave_game":10,"minecraft:time_since_death":371073,"minecraft:damage_blocked_by_shield":2055,"minecraft:play_time":950739,"minecraft:deaths":1,"minecraft:jump":5382,"minecraft:interact_with_furnace":191,"minecraft:traded_with_villager":256,"minecraft:sleep_in_bed":17,"minecraft:damage_dealt":66681,"minecraft:horse_one_cm":661,"minecraft:interact_with_smithing_table":16,"minecraft:interact_with_anvil":32,"minecraft:sneak_time":163734,"minecraft:total_world_time":950739,"minecraft:time_since_rest":126243,"minecraft:swim_one_cm":1173,"minecraft:fly_one_cm":736961,"minecraft:open_chest":2143,"minecraft:fall_one_cm":60902,"minecraft:animals_bred":40,"minecraft:sprint_one_cm":2025894,"minecraft:drop":208,"minecraft:talked_to_villager":426,"minecraft:walk_on_water_one_cm":8080,"minecraft:crouch_one_cm":618278,"minecraft:mob_kills":652,"minecraft:climb_one_cm":27916,"minecraft:walk_one_cm":2134274,"minecraft:walk_under_water_one_cm":26875,"minecraft:damage_taken":8196},"minecraft:mined":{"minecraft:white_bed":7,"minecraft:cherry_log":80,"minecraft:red_nether_bricks":58,"minecraft:obsidian":14,"minecraft:granite":143,"minecraft:red_sand":113,"minecraft:acacia_log":35,"minecraft:jungle_log":27,"minecraft:deepslate_bricks":131,"minecraft:bubble_coral_block":14,"minecraft:bamboo_block":107,"minecraft:tube_coral_block":13,"minecraft:magma_block":45,"minecraft:cobbled_deepslate":64,"minecraft:fire":4,"minecraft:pumpkin":6,"minecraft:fletching_table":19,"minecraft:deepslate_lapis_ore":86,"minecraft:sculk_shrieker":15,"minecraft:dirt_path":2,"minecraft:small_amethyst_bud":1,"minecraft:crimson_nylium":47,"minecraft:powder_snow":14,"minecraft:torch":14,"minecraft:melon":20,"minecraft:bamboo_mosaic":30,"minecraft:sugar_cane":59,"minecraft:amethyst_block":333,"minecraft:white_terracotta":77,"minecraft:verdant_froglight":4,"minecraft:mud":137,"minecraft:wheat":267,"minecraft:oak_fence_gate":3,"minecraft:dark_oak_sapling":2,"minecraft:smooth_quartz":70,"minecraft:mangrove_log":37,"minecraft:smooth_basalt":80,"minecraft:red_mushroom_block":17,"minecraft:deepslate":477,"minecraft:suspicious_gravel":266,"minecraft:yellow_terracotta":28,"minecraft:deepslate_tiles":78,"minecraft:dark_prismarine":81,"minecraft:mossy_cobblestone":102,"minecraft:dark_oak_log":55,"minecraft:sea_lantern":43,"minecraft:nether_bricks":66,"minecraft:dark_oak_fence":4,"minecraft:cobbled_deepslate_slab":2,"minecraft:cherry_wood":10,"minecraft:moss_block":242,"minecraft:redstone_ore":54,"minecraft:packed_mud":53,"minecraft:red_sandstone":96,"minecraft:snow":92,"minecraft:suspicious_sand":102,"minecraft:green_terracotta":20,"minecraft:andesite":139,"minecraft:bamboo":7,"minecraft:fire_coral_block":15,"minecraft:smithing_table":1,"minecraft:oak_slab":448,"minecraft:soul_sand":79,"minecraft:emerald_ore":77,"minecraft:sponge":28,"minecraft:copper_ore":251,"minecraft:dried_kelp_block":12,"minecraft:deepslate_gold_ore":89,"minecraft:diorite":155,"minecraft:warped_wart_block":31,"minecraft:pearlescent_froglight":6,"minecraft:red_terracotta":14,"minecraft:spruce_log":97,"minecraft:quartz_pillar":42,"minecraft:gravel":97,"minecraft:dripstone_block":149,"minecraft:brown_terracotta":19,"minecraft:acacia_planks":8,"minecraft:gold_ore":95,"minecraft:deepslate_emerald_ore":28,"minecraft:oak_sapling":8,"minecraft:jungle_slab":26,"minecraft:budding_amethyst":99,"minecraft:grass_block":381,"minecraft:dead_tube_coral_block":1,"minecraft:soul_soil":37,"minecraft:mud_bricks":58,"minecraft:gilded_blackstone":37,"minecraft:raw_iron_block":8,"minecraft:glowstone":36,"minecraft:sculk_catalyst":17,"minecraft:iron_ore":203,"minecraft:anvil":1,"minecraft:brain_coral_block":21,"minecraft:deepslate_redstone_ore":16,"minecraft:gray_terracotta":11,"minecraft:quartz_block":116,"minecraft:cyan_terracotta":15,"minecraft:blackstone":114,"minecraft:orange_terracotta":24,"minecraft:chiseled_quartz_block":66,"minecraft:clay":123,"minecraft:light_gray_terracotta":21,"minecraft:calcite":276,"minecraft:chest":163,"minecraft:mushroom_stem":23,"minecraft:nether_quartz_ore":36,"minecraft:cobblestone":151,"minecraft:honeycomb_block":20,"minecraft:slime_block":1,"minecraft:prismarine":98,"minecraft:oak_planks":19,"minecraft:wall_torch":1,"minecraft:cauldron":7,"minecraft:deepslate_copper_ore":149,"minecraft:light_blue_terracotta":16,"minecraft:warped_nylium":45,"minecraft:blue_terracotta":15,"minecraft:nether_wart_block":29,"minecraft:birch_log":57,"minecraft:blue_ice":16,"minecraft:cracked_deepslate_tiles":13,"minecraft:oak_log":1405,"minecraft:lime_terracotta":13,"minecraft:sand":213,"minecraft:dirt":371,"minecraft:raw_copper_block":31,"minecraft:netherrack":122,"minecraft:ancient_debris":9,"minecraft:oak_leaves":489,"minecraft:horn_coral_block":16,"minecraft:nether_gold_ore":24,"minecraft:diamond_ore":31,"minecraft:crying_obsidian":4,"minecraft:tuff":151,"minecraft:deepslate_diamond_ore":55,"minecraft:mangrove_roots":20,"minecraft:ladder":3,"minecraft:chiseled_bookshelf":32,"minecraft:decorated_pot":1,"minecraft:calibrated_sculk_sensor":27,"minecraft:brown_mushroom_block":27,"minecraft:spruce_leaves":7,"minecraft:acacia_slab":10,"minecraft:sandstone":157,"minecraft:rooted_dirt":38,"minecraft:hay_block":11,"minecraft:spruce_sapling":7,"minecraft:carrots":274,"minecraft:stripped_spruce_log":1,"minecraft:chiseled_deepslate":26,"minecraft:dead_horn_coral_block":2,"minecraft:deepslate_iron_ore":133,"minecraft:shroomlight":26,"minecraft:packed_ice":38,"minecraft:stone":464,"minecraft:pink_terracotta":24,"minecraft:podzol":47,"minecraft:snow_block":93,"minecraft:basalt":58,"minecraft:oak_fence":136,"minecraft:honey_block":8,"minecraft:sculk_sensor":27,"minecraft:lectern":246,"minecraft:deepslate_coal_ore":127,"minecraft:lapis_ore":77,"minecraft:sculk":72,"minecraft:prismarine_bricks":107,"minecraft:dead_fire_coral_block":1,"minecraft:beehive":10,"minecraft:magenta_terracotta":20,"minecraft:sweet_berry_bush":42,"minecraft:bee_nest":6,"minecraft:muddy_mangrove_roots":27,"minecraft:dead_brain_coral_block":1,"minecraft:coal_ore":134,"minecraft:ochre_froglight":6,"minecraft:cherry_leaves":16,"minecraft:terracotta":45},"minecraft:picked_up":{"minecraft:seagrass":5,"minecraft:chainmail_boots":1,"minecraft:creeper_head":2,"minecraft:anvil":1,"minecraft:prismarine_shard":8,"minecraft:smithing_table":1,"minecraft:wither_rose":1,"minecraft:enchanted_book":11,"minecraft:golden_sword":2,"minecraft:amethyst_block":320,"minecraft:stray_spawn_egg":1,"minecraft:music_disc_cat":4,"minecraft:string":66,"minecraft:wayfinder_armor_trim_smithing_template":1,"minecraft:soul_soil":37,"minecraft:red_nether_bricks":59,"minecraft:cooked_salmon":1,"minecraft:explorer_pottery_sherd":25,"minecraft:beetroot_soup":3,"minecraft:pufferfish":1,"minecraft:shroomlight":27,"minecraft:beetroot":6,"minecraft:diamond_leggings":1,"minecraft:gold_nugget":104,"minecraft:cobbled_deepslate":560,"minecraft:bubble_coral":5,"minecraft:netherite_upgrade_smithing_template":1,"minecraft:enchanted_golden_apple":1,"minecraft:melon_slice":99,"minecraft:mangrove_log":44,"minecraft:golden_helmet":4,"minecraft:beehive":10,"minecraft:sheaf_pottery_sherd":65,"minecraft:music_disc_blocks":3,"minecraft:big_dripleaf":6,"minecraft:acacia_log":34,"minecraft:lightning_rod":2,"minecraft:honeycomb_block":21,"minecraft:cherry_log":80,"minecraft:rabbit_foot":2,"minecraft:pink_terracotta":29,"minecraft:green_terracotta":20,"minecraft:cauldron":7,"minecraft:black_dye":8,"minecraft:shaper_armor_trim_smithing_template":1,"minecraft:zombie_spawn_egg":1,"minecraft:phantom_spawn_egg":1,"minecraft:bamboo_block":107,"minecraft:honey_bottle":11,"minecraft:salmon_bucket":1,"minecraft:tropical_fish":6,"minecraft:cow_spawn_egg":1,"minecraft:cyan_terracotta":15,"minecraft:white_terracotta":76,"minecraft:blaze_rod":10,"minecraft:host_armor_trim_smithing_template":2,"minecraft:snowball":617,"minecraft:sponge":28,"minecraft:birch_log":57,"minecraft:magma_block":45,"minecraft:dune_armor_trim_smithing_template":1,"minecraft:feather":44,"minecraft:water_bucket":1,"minecraft:jungle_log":27,"minecraft:powder_snow_bucket":1,"minecraft:flint":9,"minecraft:map":1,"minecraft:magenta_terracotta":22,"minecraft:disc_fragment_5":9,"minecraft:twisting_vines":4,"minecraft:gray_terracotta":11,"minecraft:diamond_helmet":1,"minecraft:rabbit":2,"minecraft:glowstone_dust":113,"minecraft:llama_spawn_egg":1,"minecraft:moss_block":258,"minecraft:pitcher_pod":4,"minecraft:honeycomb":13,"minecraft:glow_lichen":5,"minecraft:warped_wart_block":31,"minecraft:lime_terracotta":13,"minecraft:stripped_spruce_log":1,"minecraft:ink_sac":25,"minecraft:dark_oak_log":55,"minecraft:red_terracotta":14,"minecraft:blue_terracotta":15,"minecraft:angler_pottery_sherd":4,"minecraft:writable_book":5,"minecraft:miner_pottery_sherd":8,"minecraft:dead_brain_coral_block":22,"minecraft:blue_ice":2,"minecraft:granite":144,"minecraft:chainmail_helmet":1,"minecraft:rooted_dirt":38,"minecraft:plenty_pottery_sherd":19,"minecraft:dark_oak_fence":4,"minecraft:music_disc_5":2,"minecraft:mud":136,"minecraft:shelter_pottery_sherd":13,"minecraft:bubble_coral_fan":3,"minecraft:clay_ball":523,"minecraft:mourner_pottery_sherd":8,"minecraft:dead_horn_coral_block":18,"minecraft:fire_coral":4,"minecraft:heavy_weighted_pressure_plate":1,"minecraft:cat_spawn_egg":1,"minecraft:netherite_scrap":14,"minecraft:music_disc_otherside":2,"minecraft:beef":50,"minecraft:jungle_sapling":3,"minecraft:poppy":3,"minecraft:chest":159,"minecraft:birch_sapling":5,"minecraft:raw_copper_block":25,"minecraft:egg":9,"minecraft:hoglin_spawn_egg":2,"minecraft:sandstone":157,"minecraft:music_disc_mellohi":3,"minecraft:amethyst_cluster":23,"minecraft:fire_charge":7,"minecraft:white_dye":7,"minecraft:cake":1,"minecraft:skull_pottery_sherd":20,"minecraft:carrot":1017,"minecraft:redstone":311,"minecraft:prismarine_crystals":106,"minecraft:chicken_spawn_egg":1,"minecraft:diamond_chestplate":1,"minecraft:stone_shovel":4,"minecraft:beetroot_seeds":10,"minecraft:peony":2,"minecraft:tube_coral_fan":1,"minecraft:deepslate_bricks":118,"minecraft:shears":1,"minecraft:diamond_boots":2,"minecraft:hay_block":14,"minecraft:yellow_terracotta":28,"minecraft:gold_ingot":12,"minecraft:mutton":5,"minecraft:glow_berries":22,"minecraft:heartbreak_pottery_sherd":36,"minecraft:white_wool":32,"minecraft:rail":25,"minecraft:oxeye_daisy":5,"minecraft:mud_bricks":58,"minecraft:yellow_dye":4,"minecraft:red_mushroom":41,"minecraft:ochre_froglight":19,"minecraft:torchflower":3,"minecraft:packed_mud":53,"minecraft:oak_log":1413,"minecraft:lily_pad":17,"minecraft:ancient_debris":9,"minecraft:golden_boots":2,"minecraft:sculk_vein":12,"minecraft:paper":20,"minecraft:apple":56,"minecraft:kelp":10,"minecraft:wild_armor_trim_smithing_template":1,"minecraft:warped_stem":8,"minecraft:oak_fence_gate":3,"minecraft:spore_blossom":10,"minecraft:music_disc_far":1,"minecraft:stone_pickaxe":3,"minecraft:cobweb":3,"minecraft:blade_pottery_sherd":12,"minecraft:glass_bottle":5,"minecraft:arms_up_pottery_sherd":20,"minecraft:iron_sword":1,"minecraft:flowering_azalea":4,"minecraft:smooth_basalt":79,"minecraft:sweet_berries":708,"minecraft:sculk":4,"minecraft:spyglass":1,"minecraft:torchflower_seeds":4,"minecraft:gravel":88,"minecraft:dead_fire_coral_block":17,"minecraft:prize_pottery_sherd":14,"minecraft:spruce_sapling":33,"minecraft:spruce_log":104,"minecraft:crying_obsidian":4,"minecraft:archer_pottery_sherd":13,"minecraft:leather_helmet":1,"minecraft:brewer_pottery_sherd":22,"minecraft:husk_spawn_egg":2,"minecraft:slime_ball":223,"minecraft:snort_pottery_sherd":24,"minecraft:tide_armor_trim_smithing_template":2,"minecraft:rib_armor_trim_smithing_template":2,"minecraft:gray_wool":1,"minecraft:melon_seeds":3,"minecraft:mangrove_propagule":7,"minecraft:chiseled_deepslate":18,"minecraft:music_disc_strad":2,"minecraft:wheat":239,"minecraft:sentry_armor_trim_smithing_template":2,"minecraft:potion":1,"minecraft:gilded_blackstone":32,"minecraft:cod_bucket":1,"minecraft:dead_tube_coral_block":14,"minecraft:raw_copper":1309,"minecraft:netherite_ingot":2,"minecraft:experience_bottle":21,"minecraft:sea_pickle":2,"minecraft:deepslate_tiles":69,"minecraft:red_sand":116,"minecraft:bucket":1,"minecraft:white_tulip":3,"minecraft:rose_bush":2,"minecraft:azalea":15,"minecraft:calcite":265,"minecraft:smooth_quartz":70,"minecraft:wooden_shovel":2,"minecraft:iron_pickaxe":1,"minecraft:tipped_arrow":8,"minecraft:stick":265,"minecraft:brown_terracotta":20,"minecraft:oak_fence":129,"minecraft:torch":30,"minecraft:porkchop":6,"minecraft:dried_kelp":5,"minecraft:music_disc_pigstep":2,"minecraft:shulker_spawn_egg":1,"minecraft:pointed_dripstone":7,"minecraft:diorite":169,"minecraft:vine":22,"minecraft:goat_horn":2,"minecraft:sniffer_egg":2,"minecraft:quartz_block":118,"minecraft:cactus":10,"minecraft:rotten_flesh":78,"minecraft:music_disc_ward":2,"minecraft:guardian_spawn_egg":1,"minecraft:mangrove_roots":20,"minecraft:fire_coral_fan":3,"minecraft:music_disc_wait":2,"minecraft:obsidian":14,"minecraft:cod":2,"minecraft:blaze_powder":2,"minecraft:cobblestone":770,"minecraft:pink_petals":3,"minecraft:leather_chestplate":1,"minecraft:muddy_mangrove_roots":26,"minecraft:magma_cream":8,"minecraft:raiser_armor_trim_smithing_template":1,"minecraft:andesite":145,"minecraft:golden_leggings":1,"minecraft:chiseled_quartz_block":72,"minecraft:magenta_dye":5,"minecraft:tuff":156,"minecraft:light_gray_dye":5,"minecraft:prismarine_bricks":107,"minecraft:danger_pottery_sherd":26,"minecraft:horn_coral":2,"minecraft:wither_skeleton_skull":1,"minecraft:silence_armor_trim_smithing_template":2,"minecraft:lapis_lazuli":1005,"minecraft:dirt":719,"minecraft:name_tag":2,"minecraft:leather_boots":3,"minecraft:bone":117,"minecraft:acacia_planks":21,"minecraft:bow":9,"minecraft:wheat_seeds":681,"minecraft:small_dripleaf":8,"minecraft:raw_gold":186,"minecraft:cobbled_deepslate_slab":2,"minecraft:light_blue_dye":2,"minecraft:fletching_table":19,"minecraft:bamboo":97,"minecraft:prismarine":101,"minecraft:oak_planks":167,"minecraft:brain_coral":2,"minecraft:axolotl_bucket":1,"minecraft:enderman_spawn_egg":1,"minecraft:sand":212,"minecraft:jungle_planks":4,"minecraft:dead_bush":32,"minecraft:grass_block":1,"minecraft:lily_of_the_valley":2,"minecraft:jungle_slab":50,"minecraft:mossy_cobblestone":105,"minecraft:dark_prismarine":81,"minecraft:light_gray_terracotta":21,"minecraft:sugar":8,"minecraft:light_blue_terracotta":16,"minecraft:diamond":123,"minecraft:slime_block":1,"minecraft:cherry_wood":10,"minecraft:crossbow":1,"minecraft:bone_meal":21,"minecraft:golden_apple":15,"minecraft:emerald":125,"minecraft:oak_sapling":378,"minecraft:netherrack":219,"minecraft:oak_leaves":56,"minecraft:lingering_potion":3,"minecraft:cocoa_beans":9,"minecraft:azure_bluet":2,"minecraft:chicken":1,"minecraft:ladder":5,"minecraft:brown_mushroom":8,"minecraft:shield":1,"minecraft:magma_cube_spawn_egg":1,"minecraft:moss_carpet":10,"minecraft:iron_axe":1,"minecraft:blackstone":114,"minecraft:blue_orchid":2,"minecraft:candle":16,"minecraft:echo_shard":2,"minecraft:spire_armor_trim_smithing_template":1,"minecraft:lectern":246,"minecraft:sugar_cane":121,"minecraft:phantom_membrane":2,"minecraft:dark_oak_sapling":13,"minecraft:raw_iron":323,"minecraft:music_disc_relic":2,"minecraft:copper_ingot":6,"minecraft:quartz_pillar":72,"minecraft:pufferfish_spawn_egg":2,"minecraft:music_disc_11":1,"minecraft:trident":2,"minecraft:friend_pottery_sherd":21,"minecraft:iron_horse_armor":1,"minecraft:howl_pottery_sherd":23,"minecraft:arrow":72,"minecraft:tube_coral":1,"minecraft:nether_bricks":65,"minecraft:pink_tulip":5,"minecraft:saddle":2,"minecraft:glistering_melon_slice":2,"minecraft:skeleton_skull":1,"minecraft:cracked_deepslate_tiles":7,"minecraft:purple_dye":4,"minecraft:basalt":57,"minecraft:glow_ink_sac":23,"minecraft:golden_carrot":21,"minecraft:burn_pottery_sherd":12,"minecraft:crimson_stem":6,"minecraft:salmon":6,"minecraft:leather":36,"minecraft:music_disc_stal":1,"minecraft:ice":1,"minecraft:crimson_fungus":8,"minecraft:nether_wart_block":29,"minecraft:gunpowder":14,"minecraft:wooden_hoe":2,"minecraft:heart_pottery_sherd":21,"minecraft:orange_terracotta":24,"minecraft:coast_armor_trim_smithing_template":2,"minecraft:witch_spawn_egg":1,"minecraft:pearlescent_froglight":36,"minecraft:red_sandstone":135,"minecraft:rabbit_hide":4,"minecraft:silverfish_spawn_egg":1,"minecraft:iron_ingot":139,"minecraft:frogspawn":6,"minecraft:verdant_froglight":9,"minecraft:acacia_sapling":9,"minecraft:soul_sand":80,"minecraft:green_dye":2,"minecraft:book":9,"minecraft:sculk_catalyst":2,"minecraft:oak_slab":437,"minecraft:warped_fungus":1,"minecraft:pitcher_plant":2,"minecraft:pumpkin":6,"minecraft:budding_amethyst":15,"minecraft:quartz":31,"minecraft:dandelion":2,"minecraft:raw_iron_block":7,"minecraft:dripstone_block":149,"minecraft:lava_bucket":3,"minecraft:brain_coral_fan":1,"minecraft:amethyst_shard":18,"minecraft:white_bed":7,"minecraft:spider_eye":10,"minecraft:bamboo_mosaic":30,"minecraft:lime_dye":5,"minecraft:pumpkin_seeds":4,"minecraft:sculk_sensor":2,"minecraft:dried_kelp_block":12,"minecraft:trader_llama_spawn_egg":1,"minecraft:honey_block":8,"minecraft:dead_bubble_coral_block":20,"minecraft:iron_helmet":8,"minecraft:cherry_sapling":6,"minecraft:terracotta":44,"minecraft:acacia_slab":23,"minecraft:coal":265}},"DataVersion":3700}