{"stats":{"minecraft:dropped":{"minecraft:music_disc_relic":1,"minecraft:diorite":4,"minecraft:golden_carrot":8,"minecraft:rabbit":1,"minecraft:snowball":200,"minecraft:spruce_sapling":2,"minecraft:wheat":1,"minecraft:stone_shovel":2,"minecraft:oak_planks":105,"minecraft:andesite":7,"minecraft:leather_boots":1,"minecraft:stone_pickaxe":3,"minecraft:raw_gold":3},"minecraft:used":{"minecraft:oak_fence":57,"minecraft:stone_shovel":489,"minecraft:chest":18,"minecraft:iron_sword":18,"minecraft:stone_hoe":10,"minecraft:torch":1,"minecraft:dirt":240,"minecraft:spyglass":1,"minecraft:axolotl_bucket":1,"minecraft:granite":9,"minecraft:oak_fence_gate":3,"minecraft:wooden_axe":157,"minecraft:iron_boots":1,"minecraft:sweet_berries":56,"minecraft:oak_sapling":9,"minecraft:furnace":5,"minecraft:egg":6,"minecraft:cobbled_deepslate":2,"minecraft:dark_oak_sapling":4,"minecraft:wheat_seeds":6,"minecraft:water_bucket":8,"minecraft:rabbit":1,"minecraft:stone_pickaxe":564,"minecraft:oak_planks":5,"minecraft:wooden_pickaxe":13,"minecraft:terracotta":1,"minecraft:oak_slab":622,"minecraft:crafting_table":2,"minecraft:gray_terracotta":3,"minecraft:melon_slice":87,"minecraft:iron_pickaxe":1758,"minecraft:spruce_sapling":11,"minecraft:stone_axe":492,"minecraft:cobblestone":59,"minecraft:bucket":9,"minecraft:andesite":1},"minecraft:broken":{"minecraft:stone_pickaxe":3,"minecraft:stone_axe":5,"minecraft:iron_pickaxe":7,"minecraft:wooden_axe":2,"minecraft:stone_shovel":3},"minecraft:killed":{"minecraft:spider":10,"minecraft:skeleton":18,"minecraft:wolf":3,"minecraft:creeper":15,"minecraft:polar_bear":3,"minecraft:zombie":28,"minecraft:stray":11},"minecraft:crafted":{"minecraft:oak_planks":508,"minecraft:stone_shovel":7,"minecraft:furnace":5,"minecraft:iron_boots":1,"minecraft:spruce_slab":18,"minecraft:stone_pickaxe":5,"minecraft:chest":14,"minecraft:dark_oak_planks":40,"minecraft:stone_hoe":1,"minecraft:oak_fence":51,"minecraft:oak_slab":540,"minecraft:crafting_table":2,"minecraft:spruce_planks":108,"minecraft:wooden_pickaxe":1,"minecraft:iron_helmet":1,"minecraft:birch_planks":92,"minecraft:stone_axe":7,"minecraft:air":0,"minecraft:oak_fence_gate":2,"minecraft:iron_chestplate":1,"minecraft:stick":116,"minecraft:iron_ingot":119,"minecraft:iron_pickaxe":8,"minecraft:wooden_axe":3,"minecraft:gold_ingot":47,"minecraft:iron_leggings":1},"minecraft:custom":{"minecraft:mob_kills":88,"minecraft:interact_with_crafting_table":91,"minecraft:leave_game":3,"minecraft:time_since_death":215239,"minecraft:sprint_one_cm":192722,"minecraft:walk_one_cm":296224,"minecraft:drop":40,"minecraft:play_time":215239,"minecraft:sneak_time":48427,"minecraft:walk_under_water_one_cm":1634,"minecraft:jump":730,"minecraft:walk_on_water_one_cm":432,"minecraft:total_world_time":215239,"minecraft:interact_with_furnace":45,"minecraft:time_since_rest":215239,"minecraft:damage_taken":1750,"minecraft:damage_dealt":17573,"minecraft:fly_one_cm":65682,"minecraft:open_chest":275,"minecraft:crouch_one_cm":151063,"minecraft:fall_one_cm":7050},"minecraft:picked_up":{"minecraft:music_disc_strad":2,"minecraft:wheat":5,"minecraft:azure_bluet":2,"minecraft:chainmail_boots":1,"minecraft:chicken":1,"minecraft:clay_ball":143,"minecraft:golden_sword":1,"minecraft:amethyst_block":123,"minecraft:music_disc_cat":1,"minecraft:string":25,"minecraft:raw_copper":558,"minecraft:deepslate_tiles":52,"minecraft:candle":6,"minecraft:cobbled_deepslate":231,"minecraft:calcite":111,"minecraft:azalea":8,"minecraft:melon_slice":87,"minecraft:sugar_cane":2,"minecraft:chest":57,"minecraft:birch_sapling":2,"minecraft:raw_copper_block":3,"minecraft:egg":8,"minecraft:golden_helmet":3,"minecraft:tipped_arrow":8,"minecraft:dark_oak_sapling":11,"minecraft:hoglin_spawn_egg":1,"minecraft:raw_iron":124,"minecraft:sheaf_pottery_sherd":50,"minecraft:music_disc_blocks":2,"minecraft:music_disc_relic":2,"minecraft:big_dripleaf":3,"minecraft:copper_ingot":1,"minecraft:oak_fence":11,"minecraft:acacia_log":5,"minecraft:torch":8,"minecraft:music_disc_mellohi":2,"minecraft:amethyst_cluster":9,"minecraft:white_dye":3,"minecraft:pointed_dripstone":4,"minecraft:diorite":101,"minecraft:carrot":1,"minecraft:green_terracotta":15,"minecraft:rabbit_foot":2,"minecraft:shaper_armor_trim_smithing_template":1,"minecraft:howl_pottery_sherd":15,"minecraft:phantom_spawn_egg":1,"minecraft:arrow":35,"minecraft:stone_shovel":2,"minecraft:rotten_flesh":24,"minecraft:tropical_fish":3,"minecraft:music_disc_ward":1,"minecraft:cow_spawn_egg":1,"minecraft:deepslate_bricks":102,"minecraft:gold_ingot":4,"minecraft:white_terracotta":31,"minecraft:glow_berries":18,"minecraft:host_armor_trim_smithing_template":1,"minecraft:mutton":3,"minecraft:oxeye_daisy":5,"minecraft:white_wool":3,"minecraft:snowball":609,"minecraft:rail":10,"minecraft:cobblestone":435,"minecraft:heartbreak_pottery_sherd":27,"minecraft:birch_log":48,"minecraft:feather":36,"minecraft:golden_carrot":13,"minecraft:andesite":92,"minecraft:leather":12,"minecraft:yellow_dye":4,"minecraft:powder_snow_bucket":1,"minecraft:ice":1,"minecraft:flint":5,"minecraft:tuff":68,"minecraft:oak_log":123,"minecraft:gunpowder":12,"minecraft:lapis_lazuli":280,"minecraft:map":1,"minecraft:dirt":353,"minecraft:paper":8,"minecraft:disc_fragment_5":2,"minecraft:leather_boots":3,"minecraft:bone":48,"minecraft:witch_spawn_egg":1,"minecraft:apple":9,"minecraft:gray_terracotta":11,"minecraft:bow":8,"minecraft:small_dripleaf":8,"minecraft:wheat_seeds":20,"minecraft:raw_gold":61,"minecraft:spore_blossom":4,"minecraft:rabbit_hide":4,"minecraft:oak_fence_gate":1,"minecraft:stone_pickaxe":3,"minecraft:rabbit":2,"minecraft:moss_block":163,"minecraft:flowering_azalea":2,"minecraft:iron_sword":1,"minecraft:oak_planks":94,"minecraft:book":4,"minecraft:glow_lichen":5,"minecraft:oak_slab":89,"minecraft:smooth_basalt":50,"minecraft:pumpkin":5,"minecraft:sweet_berries":73,"minecraft:budding_amethyst":7,"minecraft:spyglass":1,"minecraft:dripstone_block":106,"minecraft:raw_iron_block":2,"minecraft:gravel":39,"minecraft:amethyst_shard":10,"minecraft:spruce_sapling":13,"minecraft:ink_sac":7,"minecraft:grass_block":1,"minecraft:spruce_log":36,"minecraft:lily_of_the_valley":1,"minecraft:spider_eye":4,"minecraft:dark_oak_log":37,"minecraft:leather_helmet":1,"minecraft:light_gray_terracotta":17,"minecraft:pumpkin_seeds":4,"minecraft:blue_terracotta":3,"minecraft:diamond":25,"minecraft:writable_book":2,"minecraft:iron_helmet":2,"minecraft:blue_ice":2,"minecraft:granite":109,"minecraft:bone_meal":18,"minecraft:golden_apple":3,"minecraft:gray_wool":1,"minecraft:emerald":1,"minecraft:rooted_dirt":38,"minecraft:terracotta":18,"minecraft:oak_sapling":11,"minecraft:mangrove_propagule":2,"minecraft:coal":99},"minecraft:mined":{"minecraft:deepslate_tiles":52,"minecraft:diamond_ore":7,"minecraft:tuff":68,"minecraft:oak_sapling":1,"minecraft:deepslate_diamond_ore":15,"minecraft:dark_oak_log":37,"minecraft:granite":110,"minecraft:budding_amethyst":30,"minecraft:acacia_log":5,"minecraft:grass_block":240,"minecraft:deepslate_bricks":102,"minecraft:moss_block":157,"minecraft:rooted_dirt":38,"minecraft:raw_iron_block":2,"minecraft:spruce_sapling":2,"minecraft:iron_ore":76,"minecraft:snow":92,"minecraft:green_terracotta":15,"minecraft:andesite":85,"minecraft:pumpkin":5,"minecraft:deepslate_lapis_ore":32,"minecraft:deepslate_iron_ore":48,"minecraft:packed_ice":31,"minecraft:stone":315,"minecraft:podzol":39,"minecraft:oak_slab":65,"minecraft:gray_terracotta":11,"minecraft:snow_block":92,"minecraft:powder_snow":14,"minecraft:clay":36,"minecraft:oak_fence":11,"minecraft:light_gray_terracotta":17,"minecraft:calcite":112,"minecraft:melon":17,"minecraft:chest":57,"minecraft:cobblestone":59,"minecraft:copper_ore":113,"minecraft:deepslate_coal_ore":38,"minecraft:lapis_ore":11,"minecraft:deepslate_gold_ore":35,"minecraft:oak_planks":5,"minecraft:diorite":97,"minecraft:amethyst_block":123,"minecraft:deepslate_copper_ore":46,"minecraft:white_terracotta":31,"minecraft:blue_terracotta":3,"minecraft:birch_log":48,"minecraft:sweet_berry_bush":2,"minecraft:wheat":4,"minecraft:blue_ice":16,"minecraft:spruce_log":36,"minecraft:coal_ore":49,"minecraft:oak_log":123,"minecraft:oak_fence_gate":1,"minecraft:dark_oak_sapling":2,"minecraft:gravel":44,"minecraft:dripstone_block":106,"minecraft:dirt":76,"minecraft:smooth_basalt":50,"minecraft:terracotta":19,"minecraft:raw_copper_block":3,"minecraft:gold_ore":23,"minecraft:deepslate":184,"minecraft:suspicious_gravel":118}},"DataVersion":3700}