{"stats":{"minecraft:dropped":{"minecraft:diorite":4,"minecraft:golden_carrot":8,"minecraft:rabbit":1,"minecraft:snowball":200,"minecraft:spruce_sapling":2,"minecraft:wheat":1,"minecraft:stone_shovel":2,"minecraft:oak_planks":105,"minecraft:andesite":7,"minecraft:leather_boots":1,"minecraft:stone_pickaxe":3,"minecraft:raw_gold":3},"minecraft:used":{"minecraft:oak_fence":53,"minecraft:stone_shovel":246,"minecraft:chest":14,"minecraft:stone_hoe":10,"minecraft:torch":1,"minecraft:dirt":90,"minecraft:spyglass":1,"minecraft:granite":9,"minecraft:oak_fence_gate":2,"minecraft:wooden_axe":157,"minecraft:iron_boots":1,"minecraft:oak_sapling":1,"minecraft:furnace":1,"minecraft:egg":6,"minecraft:wheat_seeds":6,"minecraft:water_bucket":5,"minecraft:stone_pickaxe":564,"minecraft:oak_planks":5,"minecraft:wooden_pickaxe":13,"minecraft:terracotta":1,"minecraft:oak_slab":436,"minecraft:crafting_table":2,"minecraft:gray_terracotta":3,"minecraft:melon_slice":43,"minecraft:iron_pickaxe":1096,"minecraft:spruce_sapling":1,"minecraft:stone_axe":370,"minecraft:bucket":4,"minecraft:andesite":1},"minecraft:broken":{"minecraft:stone_pickaxe":3,"minecraft:stone_axe":3,"minecraft:iron_pickaxe":4,"minecraft:wooden_axe":2,"minecraft:stone_shovel":1},"minecraft:killed":{"minecraft:spider":3,"minecraft:skeleton":9,"minecraft:wolf":3,"minecraft:creeper":13,"minecraft:polar_bear":3,"minecraft:zombie":21,"minecraft:stray":11},"minecraft:crafted":{"minecraft:oak_planks":412,"minecraft:stone_shovel":4,"minecraft:furnace":1,"minecraft:iron_boots":1,"minecraft:stone_pickaxe":5,"minecraft:chest":10,"minecraft:dark_oak_planks":40,"minecraft:stone_hoe":1,"minecraft:oak_fence":51,"minecraft:oak_slab":402,"minecraft:crafting_table":2,"minecraft:spruce_planks":16,"minecraft:wooden_pickaxe":1,"minecraft:iron_helmet":1,"minecraft:birch_planks":92,"minecraft:stone_axe":5,"minecraft:air":0,"minecraft:oak_fence_gate":2,"minecraft:iron_chestplate":1,"minecraft:stick":100,"minecraft:iron_ingot":89,"minecraft:iron_pickaxe":6,"minecraft:wooden_axe":3,"minecraft:iron_leggings":1},"minecraft:custom":{"minecraft:mob_kills":63,"minecraft:interact_with_crafting_table":73,"minecraft:leave_game":2,"minecraft:time_since_death":150377,"minecraft:sprint_one_cm":85904,"minecraft:walk_one_cm":195127,"minecraft:drop":39,"minecraft:play_time":150377,"minecraft:sneak_time":40338,"minecraft:walk_under_water_one_cm":1634,"minecraft:jump":416,"minecraft:walk_on_water_one_cm":201,"minecraft:total_world_time":150377,"minecraft:interact_with_furnace":25,"minecraft:time_since_rest":150377,"minecraft:damage_taken":805,"minecraft:damage_dealt":12595,"minecraft:fly_one_cm":37219,"minecraft:open_chest":120,"minecraft:crouch_one_cm":109598,"minecraft:fall_one_cm":3309},"minecraft:picked_up":{"minecraft:music_disc_strad":2,"minecraft:wheat":2,"minecraft:clay_ball":139,"minecraft:amethyst_block":107,"minecraft:music_disc_cat":1,"minecraft:string":16,"minecraft:raw_copper":410,"minecraft:deepslate_tiles":52,"minecraft:candle":4,"minecraft:cobbled_deepslate":200,"minecraft:calcite":86,"minecraft:azalea":5,"minecraft:melon_slice":87,"minecraft:sugar_cane":1,"minecraft:chest":45,"minecraft:birch_sapling":2,"minecraft:raw_copper_block":3,"minecraft:egg":8,"minecraft:golden_helmet":3,"minecraft:tipped_arrow":8,"minecraft:dark_oak_sapling":9,"minecraft:hoglin_spawn_egg":1,"minecraft:raw_iron":91,"minecraft:sheaf_pottery_sherd":50,"minecraft:music_disc_blocks":2,"minecraft:copper_ingot":1,"minecraft:oak_fence":5,"minecraft:torch":6,"minecraft:music_disc_mellohi":2,"minecraft:amethyst_cluster":3,"minecraft:white_dye":3,"minecraft:diorite":85,"minecraft:carrot":1,"minecraft:rabbit_foot":2,"minecraft:shaper_armor_trim_smithing_template":1,"minecraft:howl_pottery_sherd":15,"minecraft:phantom_spawn_egg":1,"minecraft:arrow":20,"minecraft:stone_shovel":2,"minecraft:rotten_flesh":22,"minecraft:deepslate_bricks":93,"minecraft:gold_ingot":4,"minecraft:white_terracotta":31,"minecraft:host_armor_trim_smithing_template":1,"minecraft:mutton":3,"minecraft:white_wool":3,"minecraft:snowball":516,"minecraft:rail":7,"minecraft:cobblestone":274,"minecraft:heartbreak_pottery_sherd":24,"minecraft:birch_log":44,"minecraft:feather":24,"minecraft:golden_carrot":13,"minecraft:andesite":70,"minecraft:leather":12,"minecraft:powder_snow_bucket":1,"minecraft:ice":1,"minecraft:flint":4,"minecraft:tuff":39,"minecraft:oak_log":116,"minecraft:gunpowder":11,"minecraft:lapis_lazuli":134,"minecraft:map":1,"minecraft:dirt":327,"minecraft:paper":3,"minecraft:disc_fragment_5":2,"minecraft:leather_boots":3,"minecraft:bone":39,"minecraft:apple":6,"minecraft:gray_terracotta":11,"minecraft:bow":4,"minecraft:wheat_seeds":10,"minecraft:raw_gold":37,"minecraft:spore_blossom":1,"minecraft:rabbit_hide":4,"minecraft:stone_pickaxe":3,"minecraft:rabbit":2,"minecraft:oak_planks":94,"minecraft:book":2,"minecraft:glow_lichen":5,"minecraft:oak_slab":66,"minecraft:smooth_basalt":44,"minecraft:pumpkin":5,"minecraft:sweet_berries":4,"minecraft:budding_amethyst":5,"minecraft:spyglass":1,"minecraft:dripstone_block":9,"minecraft:raw_iron_block":2,"minecraft:gravel":36,"minecraft:amethyst_shard":6,"minecraft:spruce_sapling":11,"minecraft:ink_sac":4,"minecraft:grass_block":1,"minecraft:spruce_log":35,"minecraft:lily_of_the_valley":1,"minecraft:dark_oak_log":36,"minecraft:pumpkin_seeds":4,"minecraft:blue_terracotta":3,"minecraft:diamond":13,"minecraft:writable_book":2,"minecraft:iron_helmet":2,"minecraft:blue_ice":2,"minecraft:granite":87,"minecraft:bone_meal":14,"minecraft:gray_wool":1,"minecraft:terracotta":18,"minecraft:oak_sapling":4,"minecraft:mangrove_propagule":2,"minecraft:coal":67},"minecraft:mined":{"minecraft:deepslate_tiles":52,"minecraft:diamond_ore":4,"minecraft:tuff":39,"minecraft:deepslate_diamond_ore":10,"minecraft:dark_oak_log":36,"minecraft:granite":88,"minecraft:budding_amethyst":27,"minecraft:grass_block":230,"minecraft:deepslate_bricks":93,"minecraft:raw_iron_block":2,"minecraft:iron_ore":57,"minecraft:andesite":63,"minecraft:pumpkin":5,"minecraft:deepslate_lapis_ore":18,"minecraft:deepslate_iron_ore":34,"minecraft:packed_ice":28,"minecraft:stone":274,"minecraft:podzol":38,"minecraft:oak_slab":40,"minecraft:gray_terracotta":11,"minecraft:snow_block":91,"minecraft:powder_snow":14,"minecraft:clay":35,"minecraft:oak_fence":5,"minecraft:calcite":87,"minecraft:melon":17,"minecraft:chest":45,"minecraft:copper_ore":84,"minecraft:deepslate_coal_ore":21,"minecraft:lapis_ore":2,"minecraft:deepslate_gold_ore":24,"minecraft:oak_planks":5,"minecraft:diorite":81,"minecraft:amethyst_block":107,"minecraft:deepslate_copper_ore":34,"minecraft:white_terracotta":31,"minecraft:blue_terracotta":3,"minecraft:birch_log":44,"minecraft:wheat":1,"minecraft:blue_ice":16,"minecraft:spruce_log":35,"minecraft:coal_ore":34,"minecraft:oak_log":116,"minecraft:gravel":40,"minecraft:dripstone_block":9,"minecraft:dirt":61,"minecraft:smooth_basalt":44,"minecraft:terracotta":19,"minecraft:raw_copper_block":3,"minecraft:gold_ore":10,"minecraft:deepslate":153,"minecraft:suspicious_gravel":75}},"DataVersion":3700}