{"stats":{"minecraft:dropped":{"minecraft:rabbit":1},"minecraft:used":{"minecraft:oak_fence":33,"minecraft:stone_shovel":109,"minecraft:chest":8,"minecraft:stone_hoe":10,"minecraft:torch":1,"minecraft:dirt":90,"minecraft:granite":9,"minecraft:oak_fence_gate":2,"minecraft:wooden_axe":157,"minecraft:iron_boots":1,"minecraft:oak_sapling":1,"minecraft:furnace":1,"minecraft:egg":6,"minecraft:wheat_seeds":2,"minecraft:water_bucket":5,"minecraft:stone_pickaxe":539,"minecraft:oak_planks":4,"minecraft:wooden_pickaxe":13,"minecraft:terracotta":1,"minecraft:oak_slab":394,"minecraft:crafting_table":2,"minecraft:gray_terracotta":3,"minecraft:melon_slice":22,"minecraft:iron_pickaxe":250,"minecraft:spruce_sapling":1,"minecraft:stone_axe":119,"minecraft:bucket":4,"minecraft:andesite":1},"minecraft:broken":{"minecraft:stone_pickaxe":3,"minecraft:stone_axe":1,"minecraft:iron_pickaxe":1,"minecraft:wooden_axe":2},"minecraft:killed":{"minecraft:spider":3,"minecraft:wolf":1,"minecraft:creeper":2,"minecraft:polar_bear":1,"minecraft:zombie":5,"minecraft:stray":7},"minecraft:crafted":{"minecraft:oak_planks":360,"minecraft:stone_shovel":1,"minecraft:furnace":1,"minecraft:iron_boots":1,"minecraft:stone_pickaxe":5,"minecraft:chest":4,"minecraft:stone_hoe":1,"minecraft:oak_fence":33,"minecraft:oak_slab":354,"minecraft:crafting_table":2,"minecraft:wooden_pickaxe":1,"minecraft:iron_helmet":1,"minecraft:birch_planks":88,"minecraft:stone_axe":2,"minecraft:air":0,"minecraft:oak_fence_gate":2,"minecraft:iron_chestplate":1,"minecraft:stick":60,"minecraft:iron_ingot":28,"minecraft:iron_pickaxe":1,"minecraft:wooden_axe":3,"minecraft:iron_leggings":1},"minecraft:mined":{"minecraft:dark_oak_log":1,"minecraft:granite":66,"minecraft:grass_block":197,"minecraft:raw_iron_block":1,"minecraft:iron_ore":47,"minecraft:andesite":51,"minecraft:pumpkin":5,"minecraft:packed_ice":23,"minecraft:stone":200,"minecraft:podzol":36,"minecraft:oak_slab":34,"minecraft:gray_terracotta":11,"minecraft:snow_block":43,"minecraft:powder_snow":10,"minecraft:clay":27,"minecraft:oak_fence":2,"minecraft:calcite":46,"minecraft:melon":13,"minecraft:chest":29,"minecraft:copper_ore":64,"minecraft:oak_planks":2,"minecraft:diorite":64,"minecraft:amethyst_block":48,"minecraft:white_terracotta":27,"minecraft:blue_terracotta":3,"minecraft:birch_log":37,"minecraft:blue_ice":8,"minecraft:spruce_log":6,"minecraft:coal_ore":28,"minecraft:oak_log":87,"minecraft:gravel":15,"minecraft:dripstone_block":4,"minecraft:dirt":58,"minecraft:smooth_basalt":24,"minecraft:terracotta":12,"minecraft:gold_ore":7,"minecraft:suspicious_gravel":15},"minecraft:custom":{"minecraft:mob_kills":19,"minecraft:interact_with_crafting_table":55,"minecraft:leave_game":2,"minecraft:time_since_death":96377,"minecraft:sprint_one_cm":69462,"minecraft:walk_one_cm":150427,"minecraft:drop":1,"minecraft:play_time":96377,"minecraft:sneak_time":37952,"minecraft:walk_under_water_one_cm":1634,"minecraft:jump":299,"minecraft:walk_on_water_one_cm":201,"minecraft:total_world_time":96377,"minecraft:interact_with_furnace":19,"minecraft:time_since_rest":96377,"minecraft:damage_taken":376,"minecraft:damage_dealt":3837,"minecraft:fly_one_cm":29494,"minecraft:open_chest":64,"minecraft:crouch_one_cm":86249,"minecraft:fall_one_cm":3100},"minecraft:picked_up":{"minecraft:music_disc_strad":1,"minecraft:clay_ball":108,"minecraft:amethyst_block":48,"minecraft:string":6,"minecraft:raw_copper":225,"minecraft:calcite":46,"minecraft:azalea":5,"minecraft:melon_slice":66,"minecraft:chest":29,"minecraft:birch_sapling":2,"minecraft:egg":8,"minecraft:tipped_arrow":4,"minecraft:dark_oak_sapling":3,"minecraft:raw_iron":47,"minecraft:sheaf_pottery_sherd":21,"minecraft:music_disc_blocks":2,"minecraft:oak_fence":2,"minecraft:music_disc_mellohi":1,"minecraft:amethyst_cluster":1,"minecraft:diorite":64,"minecraft:carrot":1,"minecraft:rabbit_foot":2,"minecraft:howl_pottery_sherd":10,"minecraft:arrow":11,"minecraft:rotten_flesh":7,"minecraft:gold_ingot":4,"minecraft:white_terracotta":27,"minecraft:mutton":3,"minecraft:white_wool":3,"minecraft:snowball":175,"minecraft:rail":4,"minecraft:cobblestone":200,"minecraft:heartbreak_pottery_sherd":5,"minecraft:birch_log":37,"minecraft:feather":14,"minecraft:golden_carrot":3,"minecraft:andesite":51,"minecraft:leather":12,"minecraft:flint":2,"minecraft:oak_log":87,"minecraft:gunpowder":1,"minecraft:map":1,"minecraft:dirt":289,"minecraft:disc_fragment_5":2,"minecraft:leather_boots":1,"minecraft:bone":9,"minecraft:apple":6,"minecraft:gray_terracotta":11,"minecraft:bow":2,"minecraft:wheat_seeds":4,"minecraft:raw_gold":7,"minecraft:rabbit_hide":2,"minecraft:rabbit":2,"minecraft:oak_planks":2,"minecraft:book":2,"minecraft:glow_lichen":3,"minecraft:oak_slab":49,"minecraft:smooth_basalt":24,"minecraft:pumpkin":5,"minecraft:sweet_berries":1,"minecraft:budding_amethyst":2,"minecraft:dripstone_block":4,"minecraft:raw_iron_block":1,"minecraft:gravel":13,"minecraft:amethyst_shard":3,"minecraft:spruce_sapling":6,"minecraft:ink_sac":4,"minecraft:grass_block":1,"minecraft:spruce_log":6,"minecraft:dark_oak_log":1,"minecraft:pumpkin_seeds":2,"minecraft:blue_terracotta":3,"minecraft:writable_book":1,"minecraft:iron_helmet":2,"minecraft:granite":65,"minecraft:bone_meal":3,"minecraft:gray_wool":1,"minecraft:terracotta":11,"minecraft:oak_sapling":3,"minecraft:coal":37}},"DataVersion":3700}