{"stats":{"minecraft:dropped":{"minecraft:diorite":4,"minecraft:golden_carrot":8,"minecraft:rabbit":1,"minecraft:snowball":200,"minecraft:spruce_sapling":2,"minecraft:stone_shovel":2,"minecraft:oak_planks":105,"minecraft:andesite":7,"minecraft:leather_boots":1,"minecraft:stone_pickaxe":3,"minecraft:raw_gold":3},"minecraft:used":{"minecraft:oak_fence":33,"minecraft:stone_shovel":236,"minecraft:chest":12,"minecraft:stone_hoe":10,"minecraft:torch":1,"minecraft:dirt":90,"minecraft:spyglass":1,"minecraft:granite":9,"minecraft:oak_fence_gate":2,"minecraft:wooden_axe":157,"minecraft:iron_boots":1,"minecraft:oak_sapling":1,"minecraft:furnace":1,"minecraft:egg":6,"minecraft:wheat_seeds":2,"minecraft:water_bucket":5,"minecraft:stone_pickaxe":564,"minecraft:oak_planks":4,"minecraft:wooden_pickaxe":13,"minecraft:terracotta":1,"minecraft:oak_slab":394,"minecraft:crafting_table":2,"minecraft:gray_terracotta":3,"minecraft:melon_slice":33,"minecraft:iron_pickaxe":884,"minecraft:spruce_sapling":1,"minecraft:stone_axe":308,"minecraft:bucket":4,"minecraft:andesite":1},"minecraft:broken":{"minecraft:stone_pickaxe":3,"minecraft:stone_axe":3,"minecraft:iron_pickaxe":3,"minecraft:wooden_axe":2,"minecraft:stone_shovel":1},"minecraft:killed":{"minecraft:spider":3,"minecraft:skeleton":4,"minecraft:wolf":3,"minecraft:creeper":11,"minecraft:polar_bear":3,"minecraft:zombie":14,"minecraft:stray":11},"minecraft:crafted":{"minecraft:oak_planks":368,"minecraft:stone_shovel":4,"minecraft:furnace":1,"minecraft:iron_boots":1,"minecraft:stone_pickaxe":5,"minecraft:chest":8,"minecraft:dark_oak_planks":40,"minecraft:stone_hoe":1,"minecraft:oak_fence":33,"minecraft:oak_slab":354,"minecraft:crafting_table":2,"minecraft:spruce_planks":16,"minecraft:wooden_pickaxe":1,"minecraft:iron_helmet":1,"minecraft:birch_planks":92,"minecraft:stone_axe":5,"minecraft:air":0,"minecraft:oak_fence_gate":2,"minecraft:iron_chestplate":1,"minecraft:stick":84,"minecraft:iron_ingot":54,"minecraft:iron_pickaxe":4,"minecraft:wooden_axe":3,"minecraft:iron_leggings":1},"minecraft:custom":{"minecraft:mob_kills":49,"minecraft:interact_with_crafting_table":69,"minecraft:leave_game":2,"minecraft:time_since_death":132377,"minecraft:sprint_one_cm":76027,"minecraft:walk_one_cm":163654,"minecraft:drop":38,"minecraft:play_time":132377,"minecraft:sneak_time":39057,"minecraft:walk_under_water_one_cm":1634,"minecraft:jump":362,"minecraft:walk_on_water_one_cm":201,"minecraft:total_world_time":132377,"minecraft:interact_with_furnace":24,"minecraft:time_since_rest":132377,"minecraft:damage_taken":623,"minecraft:damage_dealt":9869,"minecraft:fly_one_cm":34473,"minecraft:open_chest":109,"minecraft:crouch_one_cm":101109,"minecraft:fall_one_cm":3100},"minecraft:picked_up":{"minecraft:music_disc_strad":1,"minecraft:clay_ball":139,"minecraft:amethyst_block":96,"minecraft:string":12,"minecraft:raw_copper":382,"minecraft:deepslate_tiles":25,"minecraft:candle":4,"minecraft:cobbled_deepslate":170,"minecraft:calcite":81,"minecraft:azalea":5,"minecraft:melon_slice":76,"minecraft:sugar_cane":1,"minecraft:chest":41,"minecraft:birch_sapling":2,"minecraft:raw_copper_block":3,"minecraft:egg":8,"minecraft:golden_helmet":2,"minecraft:tipped_arrow":8,"minecraft:dark_oak_sapling":9,"minecraft:hoglin_spawn_egg":1,"minecraft:raw_iron":89,"minecraft:sheaf_pottery_sherd":41,"minecraft:music_disc_blocks":2,"minecraft:copper_ingot":1,"minecraft:oak_fence":2,"minecraft:torch":3,"minecraft:music_disc_mellohi":1,"minecraft:amethyst_cluster":3,"minecraft:white_dye":3,"minecraft:diorite":83,"minecraft:carrot":1,"minecraft:rabbit_foot":2,"minecraft:shaper_armor_trim_smithing_template":1,"minecraft:howl_pottery_sherd":15,"minecraft:phantom_spawn_egg":1,"minecraft:arrow":18,"minecraft:stone_shovel":2,"minecraft:rotten_flesh":15,"minecraft:deepslate_bricks":34,"minecraft:gold_ingot":4,"minecraft:white_terracotta":31,"minecraft:host_armor_trim_smithing_template":1,"minecraft:mutton":3,"minecraft:white_wool":3,"minecraft:snowball":499,"minecraft:rail":4,"minecraft:cobblestone":256,"minecraft:heartbreak_pottery_sherd":24,"minecraft:birch_log":41,"minecraft:feather":21,"minecraft:golden_carrot":13,"minecraft:andesite":70,"minecraft:leather":12,"minecraft:powder_snow_bucket":1,"minecraft:ice":1,"minecraft:flint":4,"minecraft:tuff":34,"minecraft:oak_log":114,"minecraft:gunpowder":8,"minecraft:lapis_lazuli":114,"minecraft:map":1,"minecraft:dirt":320,"minecraft:disc_fragment_5":2,"minecraft:leather_boots":3,"minecraft:bone":33,"minecraft:apple":6,"minecraft:gray_terracotta":11,"minecraft:bow":3,"minecraft:wheat_seeds":4,"minecraft:raw_gold":34,"minecraft:spore_blossom":1,"minecraft:rabbit_hide":4,"minecraft:stone_pickaxe":3,"minecraft:rabbit":2,"minecraft:oak_planks":91,"minecraft:book":2,"minecraft:glow_lichen":5,"minecraft:oak_slab":50,"minecraft:smooth_basalt":40,"minecraft:pumpkin":5,"minecraft:sweet_berries":4,"minecraft:budding_amethyst":5,"minecraft:spyglass":1,"minecraft:dripstone_block":9,"minecraft:raw_iron_block":2,"minecraft:gravel":33,"minecraft:amethyst_shard":6,"minecraft:spruce_sapling":11,"minecraft:ink_sac":4,"minecraft:grass_block":1,"minecraft:spruce_log":34,"minecraft:lily_of_the_valley":1,"minecraft:dark_oak_log":34,"minecraft:pumpkin_seeds":3,"minecraft:blue_terracotta":3,"minecraft:diamond":7,"minecraft:writable_book":1,"minecraft:iron_helmet":2,"minecraft:blue_ice":2,"minecraft:granite":84,"minecraft:bone_meal":14,"minecraft:gray_wool":1,"minecraft:terracotta":17,"minecraft:oak_sapling":4,"minecraft:mangrove_propagule":2,"minecraft:coal":63},"minecraft:mined":{"minecraft:deepslate_tiles":25,"minecraft:diamond_ore":4,"minecraft:tuff":34,"minecraft:deepslate_diamond_ore":3,"minecraft:dark_oak_log":34,"minecraft:granite":85,"minecraft:budding_amethyst":23,"minecraft:grass_block":225,"minecraft:deepslate_bricks":34,"minecraft:raw_iron_block":2,"minecraft:iron_ore":55,"minecraft:andesite":63,"minecraft:pumpkin":5,"minecraft:deepslate_lapis_ore":15,"minecraft:deepslate_iron_ore":34,"minecraft:packed_ice":27,"minecraft:stone":256,"minecraft:podzol":36,"minecraft:oak_slab":35,"minecraft:gray_terracotta":11,"minecraft:snow_block":91,"minecraft:powder_snow":14,"minecraft:clay":35,"minecraft:oak_fence":2,"minecraft:calcite":82,"minecraft:melon":15,"minecraft:chest":41,"minecraft:copper_ore":84,"minecraft:deepslate_coal_ore":21,"minecraft:lapis_ore":2,"minecraft:deepslate_gold_ore":21,"minecraft:oak_planks":2,"minecraft:diorite":79,"minecraft:amethyst_block":96,"minecraft:deepslate_copper_ore":25,"minecraft:white_terracotta":31,"minecraft:blue_terracotta":3,"minecraft:birch_log":41,"minecraft:blue_ice":16,"minecraft:spruce_log":34,"minecraft:coal_ore":30,"minecraft:oak_log":114,"minecraft:gravel":37,"minecraft:dripstone_block":9,"minecraft:dirt":61,"minecraft:smooth_basalt":40,"minecraft:terracotta":18,"minecraft:raw_copper_block":3,"minecraft:gold_ore":10,"minecraft:deepslate":123,"minecraft:suspicious_gravel":58}},"DataVersion":3700}