{"stats":{"minecraft:broken":{"minecraft:iron_boots":1,"minecraft:iron_chestplate":1,"minecraft:iron_leggings":1,"minecraft:golden_sword":2,"minecraft:iron_sword":1,"minecraft:iron_axe":6,"minecraft:iron_pickaxe":15,"minecraft:iron_helmet":1,"minecraft:wooden_hoe":1,"minecraft:golden_helmet":1,"minecraft:stone_pickaxe":3,"minecraft:stone_axe":8,"minecraft:wooden_axe":2,"minecraft:stone_shovel":7},"minecraft:dropped":{"minecraft:diamond":26,"minecraft:red_sandstone":39,"minecraft:music_disc_relic":1,"minecraft:rail":3,"minecraft:iron_pickaxe":1,"minecraft:cobbled_deepslate":5,"minecraft:wheat":145,"minecraft:rotten_flesh":13,"minecraft:oak_planks":114,"minecraft:dead_fire_coral_block":1,"minecraft:heavy_weighted_pressure_plate":2,"minecraft:honey_block":3,"minecraft:leather_boots":1,"minecraft:ladder":4,"minecraft:iron_ingot":91,"minecraft:black_dye":4,"minecraft:iron_helmet":1,"minecraft:cobblestone":77,"minecraft:granite":2,"minecraft:disc_fragment_5":2,"minecraft:jungle_slab":2,"minecraft:golden_carrot":8,"minecraft:wooden_hoe":2,"minecraft:rabbit":1,"minecraft:cooked_salmon":1,"minecraft:dead_bush":4,"minecraft:string":12,"minecraft:acacia_planks":7,"minecraft:spruce_sapling":2,"minecraft:stone_shovel":4,"minecraft:clay_ball":32,"minecraft:white_terracotta":1,"minecraft:shears":1,"minecraft:spruce_planks":1,"minecraft:wooden_shovel":2,"minecraft:spider_eye":1,"minecraft:moss_block":5,"minecraft:oak_log":3,"minecraft:jungle_planks":6,"minecraft:snowball":200,"minecraft:pink_terracotta":5,"minecraft:cherry_sapling":1,"minecraft:prismarine":3,"minecraft:carrot":112,"minecraft:oak_fence_gate":1,"minecraft:mangrove_log":7,"minecraft:acacia_slab":1,"minecraft:chest":2,"minecraft:prismarine_bricks":1,"minecraft:oak_slab":2,"minecraft:mossy_cobblestone":4,"minecraft:stick":4,"minecraft:diorite":8,"minecraft:torch":1,"minecraft:nether_wart_block":2,"minecraft:raw_iron_block":3,"minecraft:bucket":1,"minecraft:music_disc_cat":2,"minecraft:sweet_berries":1,"minecraft:raw_copper":18,"minecraft:tuff":5,"minecraft:dead_bubble_coral_block":3,"minecraft:shield":1,"minecraft:andesite":7,"minecraft:oak_sapling":1,"minecraft:stone_pickaxe":3,"minecraft:raw_gold":7},"minecraft:mined":{"minecraft:white_bed":7,"minecraft:cherry_log":25,"minecraft:red_nether_bricks":50,"minecraft:obsidian":12,"minecraft:granite":140,"minecraft:acacia_log":29,"minecraft:red_sand":103,"minecraft:jungle_log":16,"minecraft:deepslate_bricks":103,"minecraft:bubble_coral_block":11,"minecraft:bamboo_block":84,"minecraft:tube_coral_block":11,"minecraft:magma_block":40,"minecraft:cobbled_deepslate":48,"minecraft:fire":4,"minecraft:pumpkin":5,"minecraft:fletching_table":19,"minecraft:deepslate_lapis_ore":72,"minecraft:dirt_path":2,"minecraft:crimson_nylium":41,"minecraft:powder_snow":14,"minecraft:torch":11,"minecraft:melon":18,"minecraft:bamboo_mosaic":3,"minecraft:sugar_cane":31,"minecraft:amethyst_block":244,"minecraft:white_terracotta":75,"minecraft:verdant_froglight":2,"minecraft:mud":116,"minecraft:wheat":182,"minecraft:oak_fence_gate":3,"minecraft:dark_oak_sapling":2,"minecraft:mangrove_log":33,"minecraft:smooth_basalt":72,"minecraft:deepslate":358,"minecraft:suspicious_gravel":259,"minecraft:yellow_terracotta":24,"minecraft:deepslate_tiles":52,"minecraft:dark_prismarine":73,"minecraft:mossy_cobblestone":83,"minecraft:dark_oak_log":49,"minecraft:sea_lantern":39,"minecraft:nether_bricks":57,"minecraft:dark_oak_fence":4,"minecraft:cobbled_deepslate_slab":2,"minecraft:moss_block":204,"minecraft:redstone_ore":37,"minecraft:packed_mud":41,"minecraft:red_sandstone":87,"minecraft:snow":92,"minecraft:suspicious_sand":79,"minecraft:green_terracotta":20,"minecraft:andesite":127,"minecraft:bamboo":7,"minecraft:fire_coral_block":13,"minecraft:oak_slab":375,"minecraft:soul_sand":65,"minecraft:emerald_ore":36,"minecraft:sponge":17,"minecraft:copper_ore":205,"minecraft:dried_kelp_block":12,"minecraft:deepslate_gold_ore":73,"minecraft:diorite":146,"minecraft:warped_wart_block":27,"minecraft:pearlescent_froglight":4,"minecraft:red_terracotta":11,"minecraft:spruce_log":90,"minecraft:gravel":88,"minecraft:dripstone_block":139,"minecraft:brown_terracotta":16,"minecraft:acacia_planks":2,"minecraft:gold_ore":66,"minecraft:deepslate_emerald_ore":12,"minecraft:oak_sapling":4,"minecraft:jungle_slab":26,"minecraft:budding_amethyst":68,"minecraft:grass_block":332,"minecraft:dead_tube_coral_block":1,"minecraft:soul_soil":31,"minecraft:mud_bricks":53,"minecraft:gilded_blackstone":27,"minecraft:raw_iron_block":4,"minecraft:glowstone":30,"minecraft:iron_ore":155,"minecraft:anvil":1,"minecraft:brain_coral_block":21,"minecraft:deepslate_redstone_ore":13,"minecraft:gray_terracotta":11,"minecraft:cyan_terracotta":15,"minecraft:blackstone":98,"minecraft:orange_terracotta":20,"minecraft:clay":119,"minecraft:light_gray_terracotta":19,"minecraft:calcite":195,"minecraft:chest":129,"minecraft:nether_quartz_ore":26,"minecraft:cobblestone":120,"minecraft:honeycomb_block":15,"minecraft:slime_block":1,"minecraft:prismarine":89,"minecraft:oak_planks":18,"minecraft:cauldron":7,"minecraft:deepslate_copper_ore":118,"minecraft:warped_nylium":43,"minecraft:blue_terracotta":15,"minecraft:nether_wart_block":25,"minecraft:birch_log":54,"minecraft:blue_ice":16,"minecraft:oak_log":542,"minecraft:lime_terracotta":13,"minecraft:sand":198,"minecraft:dirt":341,"minecraft:raw_copper_block":5,"minecraft:netherrack":103,"minecraft:ancient_debris":8,"minecraft:horn_coral_block":11,"minecraft:oak_leaves":217,"minecraft:nether_gold_ore":21,"minecraft:diamond_ore":23,"minecraft:crying_obsidian":3,"minecraft:tuff":122,"minecraft:deepslate_diamond_ore":40,"minecraft:mangrove_roots":20,"minecraft:ladder":3,"minecraft:chiseled_bookshelf":4,"minecraft:decorated_pot":1,"minecraft:spruce_leaves":7,"minecraft:acacia_slab":8,"minecraft:sandstone":152,"minecraft:rooted_dirt":38,"minecraft:hay_block":11,"minecraft:spruce_sapling":7,"minecraft:carrots":183,"minecraft:stripped_spruce_log":1,"minecraft:dead_horn_coral_block":2,"minecraft:deepslate_iron_ore":97,"minecraft:shroomlight":24,"minecraft:packed_ice":37,"minecraft:stone":435,"minecraft:pink_terracotta":13,"minecraft:podzol":43,"minecraft:snow_block":93,"minecraft:basalt":51,"minecraft:oak_fence":124,"minecraft:honey_block":6,"minecraft:lectern":209,"minecraft:deepslate_coal_ore":86,"minecraft:lapis_ore":56,"minecraft:prismarine_bricks":98,"minecraft:dead_fire_coral_block":1,"minecraft:sweet_berry_bush":42,"minecraft:bee_nest":1,"minecraft:muddy_mangrove_roots":16,"minecraft:dead_brain_coral_block":1,"minecraft:coal_ore":106,"minecraft:ochre_froglight":2,"minecraft:cherry_leaves":5,"minecraft:terracotta":40},"minecraft:used":{"minecraft:ladder":10,"minecraft:chest":51,"minecraft:jungle_slab":55,"minecraft:snowball":7,"minecraft:lava_bucket":1,"minecraft:bow":13,"minecraft:sweet_berries":358,"minecraft:furnace":5,"minecraft:oak_sapling":92,"minecraft:egg":11,"minecraft:cow_spawn_egg":1,"minecraft:wooden_pickaxe":13,"minecraft:oak_leaves":20,"minecraft:sand":42,"minecraft:lectern":212,"minecraft:cat_spawn_egg":1,"minecraft:dark_oak_fence":4,"minecraft:netherrack":6,"minecraft:torch":76,"minecraft:anvil":2,"minecraft:cod_bucket":1,"minecraft:oak_fence_gate":22,"minecraft:iron_axe":1487,"minecraft:bamboo":28,"minecraft:diamond_chestplate":1,"minecraft:beef":1,"minecraft:cobbled_deepslate":2,"minecraft:acacia_planks":2,"minecraft:wheat_seeds":227,"minecraft:water_bucket":69,"minecraft:rabbit":1,"minecraft:cauldron":7,"minecraft:fletching_table":21,"minecraft:gilded_blackstone":1,"minecraft:oak_slab":1801,"minecraft:crafting_table":2,"minecraft:white_bed":12,"minecraft:spruce_log":32,"minecraft:oak_log":2,"minecraft:mud":10,"minecraft:dark_prismarine":10,"minecraft:diamond_pickaxe":1433,"minecraft:iron_pickaxe":3811,"minecraft:spruce_sapling":11,"minecraft:cobblestone":59,"minecraft:diamond_leggings":1,"minecraft:iron_shovel":11,"minecraft:decorated_pot":1,"minecraft:shield":101,"minecraft:iron_sword":251,"minecraft:carrot":339,"minecraft:axolotl_bucket":3,"minecraft:milk_bucket":1,"minecraft:obsidian":10,"minecraft:iron_helmet":2,"minecraft:golden_sword":5,"minecraft:pearlescent_froglight":5,"minecraft:dark_oak_sapling":4,"minecraft:diamond_boots":1,"minecraft:stone_pickaxe":564,"minecraft:oak_planks":29,"minecraft:sandstone":1,"minecraft:sugar_cane":19,"minecraft:ochre_froglight":2,"minecraft:shears":59,"minecraft:melon_slice":87,"minecraft:gravel":8,"minecraft:golden_helmet":1,"minecraft:andesite":5,"minecraft:bone_meal":11,"minecraft:oak_fence":290,"minecraft:flint_and_steel":1,"minecraft:stone_shovel":1396,"minecraft:wooden_shovel":54,"minecraft:stone_hoe":17,"minecraft:dirt":528,"minecraft:spyglass":1,"minecraft:salmon_bucket":1,"minecraft:granite":9,"minecraft:iron_hoe":100,"minecraft:wooden_axe":157,"minecraft:acacia_slab":18,"minecraft:iron_boots":2,"minecraft:terracotta":1,"minecraft:gray_terracotta":3,"minecraft:wooden_hoe":59,"minecraft:budding_amethyst":1,"minecraft:stone_axe":836,"minecraft:bucket":74},"minecraft:crafted":{"minecraft:bookshelf":4,"minecraft:glass":31,"minecraft:diamond_helmet":1,"minecraft:diamond_leggings":1,"minecraft:decorated_pot":1,"minecraft:wooden_shovel":2,"minecraft:emerald":48,"minecraft:acacia_slab":30,"minecraft:fletching_table":2,"minecraft:lectern":4,"minecraft:wooden_hoe":1,"minecraft:iron_pickaxe":15,"minecraft:iron_block":3,"minecraft:gold_ingot":47,"minecraft:stone_shovel":15,"minecraft:dark_oak_fence":3,"minecraft:ladder":9,"minecraft:spruce_slab":18,"minecraft:stone_pickaxe":5,"minecraft:diamond_boots":1,"minecraft:dark_oak_planks":132,"minecraft:wheat":99,"minecraft:enchanted_book":5,"minecraft:jungle_slab":24,"minecraft:oak_fence_gate":20,"minecraft:wooden_axe":3,"minecraft:iron_shovel":1,"minecraft:iron_leggings":1,"minecraft:white_bed":5,"minecraft:oak_planks":2136,"minecraft:heavy_weighted_pressure_plate":1,"minecraft:iron_boots":2,"minecraft:chest":43,"minecraft:stone_hoe":1,"minecraft:oak_fence":201,"minecraft:oak_slab":1470,"minecraft:cauldron":1,"minecraft:crafting_table":2,"minecraft:spruce_planks":224,"minecraft:wooden_pickaxe":1,"minecraft:iron_helmet":2,"minecraft:birch_planks":124,"minecraft:book":10,"minecraft:iron_chestplate":1,"minecraft:paper":27,"minecraft:diamond_pickaxe":2,"minecraft:shield":2,"minecraft:stick":1992,"minecraft:iron_ingot":211,"minecraft:shears":2,"minecraft:furnace":5,"minecraft:flint_and_steel":1,"minecraft:iron_axe":8,"minecraft:iron_hoe":1,"minecraft:cooked_cod":2,"minecraft:cooked_salmon":6,"minecraft:bucket":1,"minecraft:stone_axe":9,"minecraft:air":0,"minecraft:jungle_planks":64,"minecraft:anvil":1,"minecraft:acacia_planks":68,"minecraft:torch":60,"minecraft:diamond_chestplate":1},"minecraft:custom":{"minecraft:interact_with_crafting_table":244,"minecraft:leave_game":8,"minecraft:time_since_death":134593,"minecraft:damage_blocked_by_shield":1725,"minecraft:play_time":714259,"minecraft:deaths":1,"minecraft:jump":3800,"minecraft:interact_with_furnace":124,"minecraft:traded_with_villager":53,"minecraft:sleep_in_bed":14,"minecraft:damage_dealt":47488,"minecraft:horse_one_cm":134,"minecraft:interact_with_anvil":10,"minecraft:sneak_time":127588,"minecraft:total_world_time":714259,"minecraft:time_since_rest":48545,"minecraft:swim_one_cm":1173,"minecraft:fly_one_cm":465280,"minecraft:open_chest":1516,"minecraft:fall_one_cm":45240,"minecraft:animals_bred":22,"minecraft:sprint_one_cm":1385056,"minecraft:drop":149,"minecraft:talked_to_villager":307,"minecraft:walk_on_water_one_cm":8031,"minecraft:crouch_one_cm":485170,"minecraft:mob_kills":301,"minecraft:climb_one_cm":23357,"minecraft:walk_one_cm":1471283,"minecraft:walk_under_water_one_cm":26875,"minecraft:damage_taken":5807},"minecraft:killed":{"minecraft:pufferfish":1,"minecraft:skeleton":24,"minecraft:guardian":3,"minecraft:magma_cube":63,"minecraft:pillager":6,"minecraft:zombie":34,"minecraft:glow_squid":1,"minecraft:cow":3,"minecraft:vindicator":6,"minecraft:zoglin":2,"minecraft:husk":23,"minecraft:polar_bear":3,"minecraft:zombified_piglin":10,"minecraft:witch":10,"minecraft:spider":18,"minecraft:bee":3,"minecraft:wolf":4,"minecraft:piglin":2,"minecraft:zombie_villager":6,"minecraft:strider":6,"minecraft:creeper":20,"minecraft:stray":11,"minecraft:ghast":2,"minecraft:blaze":7,"minecraft:vex":3,"minecraft:slime":18,"minecraft:drowned":6,"minecraft:hoglin":2,"minecraft:squid":1,"minecraft:wither_skeleton":2},"minecraft:picked_up":{"minecraft:seagrass":5,"minecraft:chainmail_boots":1,"minecraft:anvil":1,"minecraft:prismarine_shard":8,"minecraft:wither_rose":1,"minecraft:golden_sword":2,"minecraft:amethyst_block":244,"minecraft:music_disc_cat":4,"minecraft:string":63,"minecraft:wayfinder_armor_trim_smithing_template":1,"minecraft:soul_soil":31,"minecraft:cooked_salmon":1,"minecraft:explorer_pottery_sherd":25,"minecraft:red_nether_bricks":49,"minecraft:pufferfish":1,"minecraft:shroomlight":24,"minecraft:beetroot":3,"minecraft:gold_nugget":79,"minecraft:cobbled_deepslate":441,"minecraft:bubble_coral":5,"minecraft:netherite_upgrade_smithing_template":1,"minecraft:melon_slice":90,"minecraft:mangrove_log":39,"minecraft:golden_helmet":4,"minecraft:sheaf_pottery_sherd":65,"minecraft:music_disc_blocks":3,"minecraft:big_dripleaf":6,"minecraft:acacia_log":27,"minecraft:cherry_log":25,"minecraft:pink_terracotta":10,"minecraft:cauldron":7,"minecraft:green_terracotta":20,"minecraft:rabbit_foot":2,"minecraft:black_dye":8,"minecraft:shaper_armor_trim_smithing_template":1,"minecraft:bamboo_block":77,"minecraft:phantom_spawn_egg":1,"minecraft:salmon_bucket":1,"minecraft:tropical_fish":6,"minecraft:cow_spawn_egg":1,"minecraft:cyan_terracotta":15,"minecraft:white_terracotta":74,"minecraft:blaze_rod":10,"minecraft:host_armor_trim_smithing_template":1,"minecraft:snowball":613,"minecraft:sponge":17,"minecraft:birch_log":54,"minecraft:magma_block":40,"minecraft:dune_armor_trim_smithing_template":1,"minecraft:feather":44,"minecraft:water_bucket":1,"minecraft:jungle_log":14,"minecraft:powder_snow_bucket":1,"minecraft:flint":7,"minecraft:map":1,"minecraft:disc_fragment_5":7,"minecraft:twisting_vines":4,"minecraft:gray_terracotta":11,"minecraft:rabbit":2,"minecraft:glowstone_dust":95,"minecraft:moss_block":202,"minecraft:glow_lichen":5,"minecraft:warped_wart_block":25,"minecraft:lime_terracotta":13,"minecraft:stripped_spruce_log":1,"minecraft:ink_sac":25,"minecraft:dark_oak_log":48,"minecraft:red_terracotta":11,"minecraft:blue_terracotta":15,"minecraft:angler_pottery_sherd":4,"minecraft:writable_book":5,"minecraft:miner_pottery_sherd":8,"minecraft:dead_brain_coral_block":22,"minecraft:blue_ice":2,"minecraft:granite":141,"minecraft:rooted_dirt":38,"minecraft:plenty_pottery_sherd":19,"minecraft:dark_oak_fence":4,"minecraft:music_disc_5":1,"minecraft:mud":111,"minecraft:shelter_pottery_sherd":8,"minecraft:bubble_coral_fan":3,"minecraft:clay_ball":503,"minecraft:mourner_pottery_sherd":8,"minecraft:dead_horn_coral_block":13,"minecraft:fire_coral":2,"minecraft:heavy_weighted_pressure_plate":1,"minecraft:cat_spawn_egg":1,"minecraft:netherite_scrap":4,"minecraft:music_disc_otherside":2,"minecraft:beef":9,"minecraft:jungle_sapling":3,"minecraft:chest":127,"minecraft:birch_sapling":5,"minecraft:raw_copper_block":5,"minecraft:egg":9,"minecraft:hoglin_spawn_egg":2,"minecraft:sandstone":151,"minecraft:music_disc_mellohi":2,"minecraft:amethyst_cluster":20,"minecraft:fire_charge":2,"minecraft:white_dye":7,"minecraft:skull_pottery_sherd":17,"minecraft:carrot":682,"minecraft:redstone":151,"minecraft:prismarine_crystals":92,"minecraft:chicken_spawn_egg":1,"minecraft:stone_shovel":4,"minecraft:peony":2,"minecraft:tube_coral_fan":1,"minecraft:shears":1,"minecraft:deepslate_bricks":103,"minecraft:hay_block":11,"minecraft:yellow_terracotta":21,"minecraft:gold_ingot":5,"minecraft:mutton":3,"minecraft:glow_berries":18,"minecraft:heartbreak_pottery_sherd":32,"minecraft:rail":20,"minecraft:white_wool":18,"minecraft:oxeye_daisy":5,"minecraft:mud_bricks":53,"minecraft:yellow_dye":4,"minecraft:ochre_froglight":15,"minecraft:packed_mud":41,"minecraft:oak_log":535,"minecraft:lily_pad":17,"minecraft:ancient_debris":8,"minecraft:golden_boots":1,"minecraft:paper":14,"minecraft:apple":27,"minecraft:kelp":10,"minecraft:wild_armor_trim_smithing_template":1,"minecraft:warped_stem":8,"minecraft:oak_fence_gate":3,"minecraft:spore_blossom":9,"minecraft:music_disc_far":1,"minecraft:stone_pickaxe":3,"minecraft:cobweb":3,"minecraft:blade_pottery_sherd":12,"minecraft:glass_bottle":5,"minecraft:arms_up_pottery_sherd":20,"minecraft:iron_sword":1,"minecraft:flowering_azalea":4,"minecraft:smooth_basalt":72,"minecraft:sweet_berries":708,"minecraft:spyglass":1,"minecraft:gravel":80,"minecraft:dead_fire_coral_block":15,"minecraft:prize_pottery_sherd":14,"minecraft:spruce_sapling":30,"minecraft:spruce_log":97,"minecraft:crying_obsidian":3,"minecraft:leather_helmet":1,"minecraft:archer_pottery_sherd":13,"minecraft:brewer_pottery_sherd":22,"minecraft:husk_spawn_egg":2,"minecraft:slime_ball":30,"minecraft:snort_pottery_sherd":24,"minecraft:tide_armor_trim_smithing_template":2,"minecraft:rib_armor_trim_smithing_template":2,"minecraft:gray_wool":1,"minecraft:melon_seeds":2,"minecraft:mangrove_propagule":7,"minecraft:music_disc_strad":2,"minecraft:wheat":159,"minecraft:sentry_armor_trim_smithing_template":1,"minecraft:potion":1,"minecraft:gilded_blackstone":23,"minecraft:cod_bucket":1,"minecraft:dead_tube_coral_block":12,"minecraft:raw_copper":1083,"minecraft:netherite_ingot":1,"minecraft:experience_bottle":10,"minecraft:deepslate_tiles":52,"minecraft:red_sand":98,"minecraft:bucket":1,"minecraft:white_tulip":3,"minecraft:rose_bush":2,"minecraft:calcite":192,"minecraft:azalea":12,"minecraft:wooden_shovel":2,"minecraft:iron_pickaxe":1,"minecraft:tipped_arrow":8,"minecraft:stick":76,"minecraft:brown_terracotta":16,"minecraft:oak_fence":118,"minecraft:torch":25,"minecraft:porkchop":6,"minecraft:dried_kelp":2,"minecraft:music_disc_pigstep":1,"minecraft:pointed_dripstone":7,"minecraft:shulker_spawn_egg":1,"minecraft:diorite":160,"minecraft:vine":19,"minecraft:cactus":10,"minecraft:rotten_flesh":77,"minecraft:music_disc_ward":2,"minecraft:mangrove_roots":20,"minecraft:fire_coral_fan":3,"minecraft:obsidian":12,"minecraft:cod":2,"minecraft:blaze_powder":2,"minecraft:cobblestone":675,"minecraft:leather_chestplate":1,"minecraft:muddy_mangrove_roots":16,"minecraft:raiser_armor_trim_smithing_template":1,"minecraft:magma_cream":6,"minecraft:andesite":133,"minecraft:golden_leggings":1,"minecraft:tuff":116,"minecraft:light_gray_dye":5,"minecraft:prismarine_bricks":97,"minecraft:danger_pottery_sherd":21,"minecraft:horn_coral":2,"minecraft:wither_skeleton_skull":1,"minecraft:dirt":637,"minecraft:lapis_lazuli":751,"minecraft:leather_boots":3,"minecraft:bone":65,"minecraft:acacia_planks":15,"minecraft:bow":8,"minecraft:wheat_seeds":474,"minecraft:small_dripleaf":8,"minecraft:raw_gold":132,"minecraft:cobbled_deepslate_slab":2,"minecraft:light_blue_dye":2,"minecraft:fletching_table":19,"minecraft:bamboo":97,"minecraft:prismarine":90,"minecraft:oak_planks":143,"minecraft:brain_coral":2,"minecraft:axolotl_bucket":1,"minecraft:enderman_spawn_egg":1,"minecraft:sand":196,"minecraft:lily_of_the_valley":2,"minecraft:grass_block":1,"minecraft:dead_bush":32,"minecraft:jungle_slab":43,"minecraft:mossy_cobblestone":83,"minecraft:dark_prismarine":73,"minecraft:light_gray_terracotta":18,"minecraft:sugar":8,"minecraft:diamond":96,"minecraft:crossbow":1,"minecraft:bone_meal":21,"minecraft:golden_apple":10,"minecraft:emerald":64,"minecraft:oak_sapling":99,"minecraft:netherrack":184,"minecraft:oak_leaves":56,"minecraft:cocoa_beans":9,"minecraft:azure_bluet":2,"minecraft:chicken":1,"minecraft:ladder":5,"minecraft:shield":1,"minecraft:magma_cube_spawn_egg":1,"minecraft:moss_carpet":7,"minecraft:iron_axe":1,"minecraft:blackstone":97,"minecraft:blue_orchid":2,"minecraft:candle":16,"minecraft:lectern":209,"minecraft:sugar_cane":70,"minecraft:dark_oak_sapling":13,"minecraft:raw_iron":234,"minecraft:music_disc_relic":2,"minecraft:copper_ingot":3,"minecraft:pufferfish_spawn_egg":2,"minecraft:music_disc_11":1,"minecraft:trident":2,"minecraft:friend_pottery_sherd":21,"minecraft:howl_pottery_sherd":19,"minecraft:arrow":40,"minecraft:tube_coral":1,"minecraft:nether_bricks":56,"minecraft:pink_tulip":3,"minecraft:purple_dye":4,"minecraft:basalt":50,"minecraft:glow_ink_sac":23,"minecraft:golden_carrot":13,"minecraft:burn_pottery_sherd":12,"minecraft:crimson_stem":6,"minecraft:salmon":6,"minecraft:leather":20,"minecraft:music_disc_stal":1,"minecraft:ice":1,"minecraft:crimson_fungus":8,"minecraft:nether_wart_block":25,"minecraft:gunpowder":14,"minecraft:heart_pottery_sherd":21,"minecraft:wooden_hoe":2,"minecraft:orange_terracotta":20,"minecraft:coast_armor_trim_smithing_template":2,"minecraft:witch_spawn_egg":1,"minecraft:pearlescent_froglight":33,"minecraft:red_sandstone":124,"minecraft:rabbit_hide":4,"minecraft:silverfish_spawn_egg":1,"minecraft:iron_ingot":93,"minecraft:frogspawn":6,"minecraft:soul_sand":65,"minecraft:verdant_froglight":6,"minecraft:acacia_sapling":8,"minecraft:green_dye":2,"minecraft:book":7,"minecraft:sculk_catalyst":1,"minecraft:oak_slab":406,"minecraft:warped_fungus":1,"minecraft:pumpkin":5,"minecraft:budding_amethyst":13,"minecraft:quartz":26,"minecraft:raw_iron_block":7,"minecraft:dripstone_block":139,"minecraft:brain_coral_fan":1,"minecraft:lava_bucket":3,"minecraft:amethyst_shard":16,"minecraft:white_bed":7,"minecraft:spider_eye":10,"minecraft:pumpkin_seeds":4,"minecraft:dried_kelp_block":12,"minecraft:trader_llama_spawn_egg":1,"minecraft:honey_block":3,"minecraft:dead_bubble_coral_block":16,"minecraft:iron_helmet":6,"minecraft:cherry_sapling":1,"minecraft:terracotta":39,"minecraft:acacia_slab":8,"minecraft:coal":206}},"DataVersion":3700}