{"stats":{"minecraft:dropped":{"minecraft:rabbit":1},"minecraft:used":{"minecraft:oak_fence":33,"minecraft:water_bucket":2,"minecraft:stone_shovel":34,"minecraft:stone_pickaxe":496,"minecraft:oak_planks":2,"minecraft:chest":8,"minecraft:wooden_pickaxe":13,"minecraft:torch":1,"minecraft:dirt":89,"minecraft:oak_slab":373,"minecraft:crafting_table":2,"minecraft:granite":9,"minecraft:oak_fence_gate":2,"minecraft:gray_terracotta":3,"minecraft:wooden_axe":157,"minecraft:melon_slice":15,"minecraft:iron_pickaxe":159,"minecraft:iron_boots":1,"minecraft:spruce_sapling":1,"minecraft:stone_axe":88,"minecraft:furnace":1,"minecraft:oak_sapling":1,"minecraft:andesite":1,"minecraft:bucket":2,"minecraft:egg":6},"minecraft:broken":{"minecraft:stone_pickaxe":3,"minecraft:wooden_axe":2},"minecraft:killed":{"minecraft:spider":3,"minecraft:creeper":2,"minecraft:zombie":3,"minecraft:stray":4},"minecraft:crafted":{"minecraft:oak_slab":354,"minecraft:oak_planks":344,"minecraft:stone_shovel":1,"minecraft:crafting_table":2,"minecraft:wooden_pickaxe":1,"minecraft:iron_helmet":1,"minecraft:furnace":1,"minecraft:birch_planks":88,"minecraft:stone_axe":1,"minecraft:air":0,"minecraft:oak_fence_gate":2,"minecraft:iron_boots":1,"minecraft:iron_chestplate":1,"minecraft:stick":60,"minecraft:iron_ingot":28,"minecraft:iron_pickaxe":1,"minecraft:stone_pickaxe":5,"minecraft:wooden_axe":3,"minecraft:chest":4,"minecraft:iron_leggings":1,"minecraft:oak_fence":33},"minecraft:custom":{"minecraft:interact_with_furnace":17,"minecraft:mob_kills":12,"minecraft:interact_with_crafting_table":53,"minecraft:leave_game":2,"minecraft:time_since_death":84377,"minecraft:time_since_rest":84377,"minecraft:sprint_one_cm":62426,"minecraft:damage_taken":315,"minecraft:walk_one_cm":127823,"minecraft:drop":1,"minecraft:damage_dealt":2458,"minecraft:fly_one_cm":26280,"minecraft:open_chest":54,"minecraft:crouch_one_cm":76562,"minecraft:play_time":84377,"minecraft:sneak_time":36524,"minecraft:walk_under_water_one_cm":1634,"minecraft:jump":261,"minecraft:walk_on_water_one_cm":201,"minecraft:total_world_time":84377,"minecraft:fall_one_cm":2891},"minecraft:picked_up":{"minecraft:birch_log":37,"minecraft:feather":14,"minecraft:golden_carrot":3,"minecraft:clay_ball":108,"minecraft:andesite":50,"minecraft:leather":12,"minecraft:oak_log":85,"minecraft:gunpowder":1,"minecraft:amethyst_block":42,"minecraft:map":1,"minecraft:string":4,"minecraft:dirt":270,"minecraft:raw_copper":211,"minecraft:bone":5,"minecraft:apple":6,"minecraft:bow":1,"minecraft:gray_terracotta":11,"minecraft:wheat_seeds":4,"minecraft:raw_gold":7,"minecraft:rabbit_hide":2,"minecraft:calcite":38,"minecraft:azalea":5,"minecraft:rabbit":2,"minecraft:melon_slice":66,"minecraft:chest":26,"minecraft:birch_sapling":2,"minecraft:dark_oak_sapling":3,"minecraft:sheaf_pottery_sherd":13,"minecraft:egg":8,"minecraft:book":2,"minecraft:tipped_arrow":3,"minecraft:oak_slab":32,"minecraft:glow_lichen":3,"minecraft:raw_iron":42,"minecraft:smooth_basalt":13,"minecraft:music_disc_blocks":1,"minecraft:pumpkin":5,"minecraft:sweet_berries":1,"minecraft:gravel":1,"minecraft:oak_fence":2,"minecraft:budding_amethyst":2,"minecraft:raw_iron_block":1,"minecraft:music_disc_mellohi":1,"minecraft:amethyst_cluster":1,"minecraft:amethyst_shard":3,"minecraft:spruce_log":5,"minecraft:spruce_sapling":4,"minecraft:ink_sac":4,"minecraft:diorite":48,"minecraft:carrot":1,"minecraft:grass_block":1,"minecraft:rabbit_foot":2,"minecraft:howl_pottery_sherd":10,"minecraft:pumpkin_seeds":2,"minecraft:arrow":6,"minecraft:blue_terracotta":2,"minecraft:rotten_flesh":4,"minecraft:iron_helmet":2,"minecraft:granite":45,"minecraft:bone_meal":3,"minecraft:gray_wool":1,"minecraft:gold_ingot":2,"minecraft:white_terracotta":21,"minecraft:terracotta":4,"minecraft:oak_sapling":3,"minecraft:mutton":3,"minecraft:snowball":33,"minecraft:coal":37,"minecraft:rail":1,"minecraft:white_wool":3,"minecraft:cobblestone":180},"minecraft:mined":{"minecraft:podzol":36,"minecraft:gray_terracotta":11,"minecraft:oak_slab":28,"minecraft:snow_block":7,"minecraft:powder_snow":9,"minecraft:oak_fence":2,"minecraft:clay":27,"minecraft:granite":44,"minecraft:grass_block":180,"minecraft:calcite":38,"minecraft:melon":13,"minecraft:chest":26,"minecraft:copper_ore":60,"minecraft:diorite":48,"minecraft:amethyst_block":42,"minecraft:white_terracotta":21,"minecraft:raw_iron_block":1,"minecraft:blue_terracotta":2,"minecraft:birch_log":37,"minecraft:iron_ore":42,"minecraft:blue_ice":1,"minecraft:spruce_log":5,"minecraft:andesite":50,"minecraft:pumpkin":5,"minecraft:oak_log":85,"minecraft:coal_ore":28,"minecraft:gravel":1,"minecraft:dirt":56,"minecraft:packed_ice":16,"minecraft:smooth_basalt":13,"minecraft:terracotta":5,"minecraft:stone":180,"minecraft:gold_ore":7,"minecraft:suspicious_gravel":9}},"DataVersion":3700}