{"stats":{"minecraft:broken":{"minecraft:iron_boots":1,"minecraft:iron_chestplate":1,"minecraft:iron_leggings":1,"minecraft:golden_sword":2,"minecraft:iron_sword":1,"minecraft:iron_axe":10,"minecraft:iron_pickaxe":15,"minecraft:iron_helmet":1,"minecraft:wooden_hoe":1,"minecraft:golden_helmet":1,"minecraft:golden_leggings":1,"minecraft:stone_pickaxe":3,"minecraft:stone_axe":8,"minecraft:wooden_axe":2,"minecraft:stone_shovel":8},"minecraft:dropped":{"minecraft:diamond":30,"minecraft:red_sandstone":39,"minecraft:music_disc_relic":1,"minecraft:quartz_pillar":30,"minecraft:rail":3,"minecraft:gold_nugget":3,"minecraft:iron_pickaxe":1,"minecraft:cobbled_deepslate":5,"minecraft:wheat":145,"minecraft:rotten_flesh":13,"minecraft:oak_planks":115,"minecraft:dead_fire_coral_block":1,"minecraft:heavy_weighted_pressure_plate":2,"minecraft:quartz_block":3,"minecraft:honey_block":3,"minecraft:leather_boots":1,"minecraft:ladder":4,"minecraft:iron_ingot":133,"minecraft:black_dye":4,"minecraft:cobblestone":77,"minecraft:iron_helmet":3,"minecraft:granite":2,"minecraft:disc_fragment_5":2,"minecraft:jungle_slab":2,"minecraft:golden_carrot":8,"minecraft:wooden_hoe":2,"minecraft:rabbit":1,"minecraft:cooked_salmon":1,"minecraft:dead_bush":4,"minecraft:string":12,"minecraft:acacia_planks":7,"minecraft:spruce_sapling":2,"minecraft:stone_shovel":4,"minecraft:clay_ball":32,"minecraft:white_terracotta":1,"minecraft:shears":1,"minecraft:spruce_planks":1,"minecraft:wooden_shovel":2,"minecraft:spider_eye":1,"minecraft:moss_block":5,"minecraft:oak_log":3,"minecraft:jungle_planks":10,"minecraft:netherite_scrap":10,"minecraft:snowball":200,"minecraft:pink_terracotta":5,"minecraft:cherry_sapling":1,"minecraft:prismarine":3,"minecraft:stray_spawn_egg":1,"minecraft:carrot":166,"minecraft:oak_fence_gate":1,"minecraft:mangrove_log":7,"minecraft:acacia_slab":1,"minecraft:chest":2,"minecraft:prismarine_bricks":1,"minecraft:netherrack":12,"minecraft:oak_slab":2,"minecraft:mossy_cobblestone":4,"minecraft:stick":11,"minecraft:diorite":8,"minecraft:torch":1,"minecraft:nether_wart_block":2,"minecraft:raw_iron_block":3,"minecraft:bucket":1,"minecraft:music_disc_cat":2,"minecraft:sweet_berries":1,"minecraft:chiseled_quartz_block":6,"minecraft:raw_copper":18,"minecraft:tuff":5,"minecraft:dead_bubble_coral_block":3,"minecraft:shield":1,"minecraft:andesite":7,"minecraft:oak_sapling":1,"minecraft:diamond_boots":1,"minecraft:stone_pickaxe":3,"minecraft:raw_gold":7},"minecraft:mined":{"minecraft:white_bed":7,"minecraft:cherry_log":77,"minecraft:red_nether_bricks":52,"minecraft:obsidian":12,"minecraft:granite":140,"minecraft:red_sand":108,"minecraft:acacia_log":32,"minecraft:jungle_log":20,"minecraft:deepslate_bricks":103,"minecraft:bubble_coral_block":14,"minecraft:bamboo_block":104,"minecraft:tube_coral_block":12,"minecraft:magma_block":43,"minecraft:cobbled_deepslate":48,"minecraft:fire":4,"minecraft:pumpkin":6,"minecraft:fletching_table":19,"minecraft:deepslate_lapis_ore":77,"minecraft:dirt_path":2,"minecraft:crimson_nylium":44,"minecraft:powder_snow":14,"minecraft:torch":12,"minecraft:melon":19,"minecraft:bamboo_mosaic":26,"minecraft:sugar_cane":45,"minecraft:amethyst_block":278,"minecraft:white_terracotta":77,"minecraft:verdant_froglight":2,"minecraft:mud":126,"minecraft:wheat":219,"minecraft:oak_fence_gate":3,"minecraft:dark_oak_sapling":2,"minecraft:smooth_quartz":6,"minecraft:mangrove_log":34,"minecraft:smooth_basalt":73,"minecraft:red_mushroom_block":6,"minecraft:deepslate":405,"minecraft:suspicious_gravel":261,"minecraft:deepslate_tiles":52,"minecraft:yellow_terracotta":27,"minecraft:dark_prismarine":77,"minecraft:mossy_cobblestone":92,"minecraft:dark_oak_log":49,"minecraft:sea_lantern":41,"minecraft:nether_bricks":60,"minecraft:dark_oak_fence":4,"minecraft:cobbled_deepslate_slab":2,"minecraft:cherry_wood":10,"minecraft:moss_block":235,"minecraft:redstone_ore":48,"minecraft:packed_mud":47,"minecraft:red_sandstone":90,"minecraft:snow":92,"minecraft:suspicious_sand":94,"minecraft:green_terracotta":20,"minecraft:andesite":129,"minecraft:bamboo":7,"minecraft:fire_coral_block":14,"minecraft:smithing_table":1,"minecraft:oak_slab":409,"minecraft:soul_sand":68,"minecraft:emerald_ore":59,"minecraft:sponge":27,"minecraft:copper_ore":219,"minecraft:dried_kelp_block":12,"minecraft:deepslate_gold_ore":77,"minecraft:diorite":149,"minecraft:warped_wart_block":30,"minecraft:pearlescent_froglight":5,"minecraft:red_terracotta":12,"minecraft:spruce_log":92,"minecraft:quartz_pillar":34,"minecraft:gravel":93,"minecraft:dripstone_block":145,"minecraft:brown_terracotta":17,"minecraft:acacia_planks":8,"minecraft:gold_ore":78,"minecraft:deepslate_emerald_ore":19,"minecraft:oak_sapling":5,"minecraft:jungle_slab":26,"minecraft:budding_amethyst":72,"minecraft:grass_block":368,"minecraft:dead_tube_coral_block":1,"minecraft:soul_soil":35,"minecraft:mud_bricks":54,"minecraft:gilded_blackstone":32,"minecraft:raw_iron_block":4,"minecraft:glowstone":33,"minecraft:iron_ore":169,"minecraft:anvil":1,"minecraft:brain_coral_block":21,"minecraft:deepslate_redstone_ore":13,"minecraft:gray_terracotta":11,"minecraft:quartz_block":44,"minecraft:cyan_terracotta":15,"minecraft:blackstone":102,"minecraft:orange_terracotta":23,"minecraft:chiseled_quartz_block":10,"minecraft:clay":120,"minecraft:light_gray_terracotta":20,"minecraft:calcite":232,"minecraft:chest":144,"minecraft:mushroom_stem":23,"minecraft:nether_quartz_ore":27,"minecraft:cobblestone":131,"minecraft:honeycomb_block":19,"minecraft:slime_block":1,"minecraft:prismarine":93,"minecraft:oak_planks":19,"minecraft:wall_torch":1,"minecraft:cauldron":7,"minecraft:deepslate_copper_ore":128,"minecraft:light_blue_terracotta":16,"minecraft:warped_nylium":43,"minecraft:blue_terracotta":15,"minecraft:nether_wart_block":28,"minecraft:birch_log":55,"minecraft:blue_ice":16,"minecraft:oak_log":968,"minecraft:lime_terracotta":13,"minecraft:sand":203,"minecraft:dirt":362,"minecraft:raw_copper_block":16,"minecraft:netherrack":117,"minecraft:ancient_debris":8,"minecraft:oak_leaves":379,"minecraft:horn_coral_block":12,"minecraft:nether_gold_ore":23,"minecraft:diamond_ore":27,"minecraft:crying_obsidian":4,"minecraft:tuff":136,"minecraft:deepslate_diamond_ore":51,"minecraft:mangrove_roots":20,"minecraft:ladder":3,"minecraft:chiseled_bookshelf":31,"minecraft:decorated_pot":1,"minecraft:brown_mushroom_block":2,"minecraft:spruce_leaves":7,"minecraft:acacia_slab":10,"minecraft:sandstone":153,"minecraft:rooted_dirt":38,"minecraft:hay_block":11,"minecraft:spruce_sapling":7,"minecraft:carrots":274,"minecraft:stripped_spruce_log":1,"minecraft:dead_horn_coral_block":2,"minecraft:deepslate_iron_ore":115,"minecraft:shroomlight":25,"minecraft:packed_ice":37,"minecraft:stone":447,"minecraft:pink_terracotta":24,"minecraft:podzol":44,"minecraft:snow_block":93,"minecraft:basalt":53,"minecraft:oak_fence":132,"minecraft:honey_block":8,"minecraft:lectern":242,"minecraft:deepslate_coal_ore":113,"minecraft:lapis_ore":64,"minecraft:prismarine_bricks":101,"minecraft:dead_fire_coral_block":1,"minecraft:beehive":10,"minecraft:sweet_berry_bush":42,"minecraft:bee_nest":6,"minecraft:muddy_mangrove_roots":20,"minecraft:dead_brain_coral_block":1,"minecraft:coal_ore":116,"minecraft:ochre_froglight":5,"minecraft:cherry_leaves":16,"minecraft:terracotta":40},"minecraft:used":{"minecraft:ladder":10,"minecraft:chest":62,"minecraft:jungle_slab":55,"minecraft:snowball":7,"minecraft:lava_bucket":1,"minecraft:bow":16,"minecraft:sweet_berries":358,"minecraft:oak_sapling":196,"minecraft:furnace":5,"minecraft:egg":11,"minecraft:cow_spawn_egg":1,"minecraft:wooden_pickaxe":13,"minecraft:oak_leaves":20,"minecraft:sand":42,"minecraft:lectern":245,"minecraft:cat_spawn_egg":1,"minecraft:dark_oak_fence":4,"minecraft:smithing_table":1,"minecraft:netherrack":6,"minecraft:torch":94,"minecraft:anvil":2,"minecraft:cod_bucket":1,"minecraft:oak_fence_gate":22,"minecraft:iron_axe":2327,"minecraft:bamboo":28,"minecraft:diamond_chestplate":2,"minecraft:beef":1,"minecraft:acacia_planks":8,"minecraft:cobbled_deepslate":2,"minecraft:wheat_seeds":285,"minecraft:water_bucket":71,"minecraft:rabbit":1,"minecraft:cauldron":7,"minecraft:fletching_table":21,"minecraft:gilded_blackstone":1,"minecraft:oak_slab":2143,"minecraft:crafting_table":2,"minecraft:white_bed":15,"minecraft:spruce_log":32,"minecraft:oak_log":3,"minecraft:mud":11,"minecraft:dark_prismarine":10,"minecraft:diamond_pickaxe":2132,"minecraft:iron_pickaxe":3811,"minecraft:spruce_sapling":11,"minecraft:cobblestone":59,"minecraft:diamond_leggings":2,"minecraft:iron_shovel":11,"minecraft:decorated_pot":1,"minecraft:shield":134,"minecraft:iron_sword":251,"minecraft:carrot":465,"minecraft:axolotl_bucket":3,"minecraft:obsidian":10,"minecraft:milk_bucket":1,"minecraft:iron_helmet":2,"minecraft:golden_sword":5,"minecraft:pearlescent_froglight":5,"minecraft:dark_oak_sapling":4,"minecraft:diamond_boots":2,"minecraft:stone_pickaxe":564,"minecraft:oak_planks":29,"minecraft:sandstone":1,"minecraft:sugar_cane":19,"minecraft:ochre_froglight":2,"minecraft:shears":59,"minecraft:melon_slice":87,"minecraft:gravel":8,"minecraft:golden_helmet":1,"minecraft:andesite":5,"minecraft:bone_meal":11,"minecraft:experience_bottle":8,"minecraft:oak_fence":297,"minecraft:flint_and_steel":1,"minecraft:stone_shovel":1399,"minecraft:wooden_shovel":54,"minecraft:stone_hoe":17,"minecraft:dirt":552,"minecraft:spyglass":1,"minecraft:diamond_helmet":2,"minecraft:salmon_bucket":1,"minecraft:granite":9,"minecraft:iron_hoe":114,"minecraft:wooden_axe":157,"minecraft:acacia_slab":27,"minecraft:iron_boots":2,"minecraft:terracotta":1,"minecraft:gray_terracotta":3,"minecraft:wooden_hoe":59,"minecraft:budding_amethyst":1,"minecraft:stone_axe":836,"minecraft:bucket":75},"minecraft:crafted":{"minecraft:bookshelf":6,"minecraft:glass":31,"minecraft:diamond_helmet":2,"minecraft:diamond_leggings":2,"minecraft:decorated_pot":1,"minecraft:wooden_shovel":2,"minecraft:emerald":119,"minecraft:diamond_axe":1,"minecraft:acacia_slab":30,"minecraft:smithing_table":1,"minecraft:fletching_table":2,"minecraft:lectern":6,"minecraft:wooden_hoe":1,"minecraft:iron_pickaxe":15,"minecraft:iron_block":3,"minecraft:gold_ingot":109,"minecraft:netherite_ingot":2,"minecraft:stone_shovel":15,"minecraft:dark_oak_fence":3,"minecraft:ladder":9,"minecraft:spruce_slab":18,"minecraft:stone_pickaxe":5,"minecraft:diamond_boots":2,"minecraft:dark_oak_planks":136,"minecraft:wheat":99,"minecraft:enchanted_book":13,"minecraft:jungle_slab":24,"minecraft:oak_fence_gate":20,"minecraft:wooden_axe":3,"minecraft:iron_shovel":1,"minecraft:iron_leggings":1,"minecraft:white_bed":8,"minecraft:oak_planks":3596,"minecraft:heavy_weighted_pressure_plate":1,"minecraft:iron_boots":2,"minecraft:chest":57,"minecraft:stone_hoe":1,"minecraft:oak_fence":210,"minecraft:oak_slab":1806,"minecraft:cauldron":1,"minecraft:crafting_table":2,"minecraft:spruce_planks":228,"minecraft:wooden_pickaxe":1,"minecraft:iron_helmet":2,"minecraft:birch_planks":136,"minecraft:book":28,"minecraft:iron_chestplate":1,"minecraft:paper":66,"minecraft:diamond_pickaxe":2,"minecraft:shield":2,"minecraft:stick":4256,"minecraft:iron_ingot":262,"minecraft:shears":3,"minecraft:furnace":5,"minecraft:flint_and_steel":1,"minecraft:iron_axe":12,"minecraft:iron_hoe":2,"minecraft:netherite_scrap":6,"minecraft:cooked_cod":2,"minecraft:diamond_sword":1,"minecraft:cooked_salmon":6,"minecraft:bucket":1,"minecraft:stone_axe":9,"minecraft:air":0,"minecraft:jungle_planks":88,"minecraft:anvil":1,"minecraft:acacia_planks":100,"minecraft:torch":76,"minecraft:diamond_chestplate":2},"minecraft:custom":{"minecraft:interact_with_crafting_table":281,"minecraft:leave_game":9,"minecraft:time_since_death":254926,"minecraft:damage_blocked_by_shield":2015,"minecraft:play_time":834592,"minecraft:deaths":1,"minecraft:jump":4642,"minecraft:interact_with_furnace":165,"minecraft:traded_with_villager":132,"minecraft:sleep_in_bed":17,"minecraft:damage_dealt":51825,"minecraft:horse_one_cm":661,"minecraft:interact_with_smithing_table":4,"minecraft:interact_with_anvil":15,"minecraft:sneak_time":146625,"minecraft:total_world_time":834592,"minecraft:time_since_rest":10096,"minecraft:swim_one_cm":1173,"minecraft:fly_one_cm":586462,"minecraft:open_chest":1903,"minecraft:fall_one_cm":52732,"minecraft:animals_bred":34,"minecraft:sprint_one_cm":1756272,"minecraft:drop":171,"minecraft:talked_to_villager":369,"minecraft:walk_on_water_one_cm":8080,"minecraft:crouch_one_cm":549020,"minecraft:mob_kills":373,"minecraft:climb_one_cm":25600,"minecraft:walk_one_cm":1839937,"minecraft:walk_under_water_one_cm":26875,"minecraft:damage_taken":6191},"minecraft:killed":{"minecraft:pufferfish":1,"minecraft:skeleton":24,"minecraft:guardian":3,"minecraft:magma_cube":63,"minecraft:pillager":6,"minecraft:goat":1,"minecraft:zombie":34,"minecraft:glow_squid":1,"minecraft:cow":24,"minecraft:vindicator":6,"minecraft:zoglin":2,"minecraft:husk":23,"minecraft:polar_bear":3,"minecraft:zombified_piglin":10,"minecraft:witch":10,"minecraft:spider":18,"minecraft:bee":16,"minecraft:wolf":4,"minecraft:piglin":2,"minecraft:zombie_villager":6,"minecraft:strider":6,"minecraft:creeper":20,"minecraft:ghast":2,"minecraft:stray":11,"minecraft:blaze":7,"minecraft:vex":3,"minecraft:slime":55,"minecraft:drowned":6,"minecraft:hoglin":2,"minecraft:squid":1,"minecraft:wither_skeleton":2},"minecraft:picked_up":{"minecraft:seagrass":5,"minecraft:chainmail_boots":1,"minecraft:creeper_head":1,"minecraft:anvil":1,"minecraft:prismarine_shard":8,"minecraft:smithing_table":1,"minecraft:wither_rose":1,"minecraft:enchanted_book":1,"minecraft:golden_sword":2,"minecraft:amethyst_block":278,"minecraft:stray_spawn_egg":1,"minecraft:music_disc_cat":4,"minecraft:string":64,"minecraft:wayfinder_armor_trim_smithing_template":1,"minecraft:soul_soil":35,"minecraft:red_nether_bricks":52,"minecraft:cooked_salmon":1,"minecraft:explorer_pottery_sherd":25,"minecraft:pufferfish":1,"minecraft:shroomlight":25,"minecraft:beetroot":6,"minecraft:gold_nugget":100,"minecraft:cobbled_deepslate":505,"minecraft:bubble_coral":5,"minecraft:netherite_upgrade_smithing_template":1,"minecraft:melon_slice":96,"minecraft:mangrove_log":41,"minecraft:golden_helmet":4,"minecraft:beehive":10,"minecraft:sheaf_pottery_sherd":65,"minecraft:music_disc_blocks":3,"minecraft:big_dripleaf":6,"minecraft:acacia_log":32,"minecraft:honeycomb_block":19,"minecraft:cherry_log":77,"minecraft:rabbit_foot":2,"minecraft:pink_terracotta":29,"minecraft:green_terracotta":20,"minecraft:cauldron":7,"minecraft:black_dye":8,"minecraft:shaper_armor_trim_smithing_template":1,"minecraft:zombie_spawn_egg":1,"minecraft:phantom_spawn_egg":1,"minecraft:bamboo_block":104,"minecraft:honey_bottle":11,"minecraft:salmon_bucket":1,"minecraft:tropical_fish":6,"minecraft:cow_spawn_egg":1,"minecraft:cyan_terracotta":15,"minecraft:white_terracotta":76,"minecraft:blaze_rod":10,"minecraft:host_armor_trim_smithing_template":1,"minecraft:snowball":613,"minecraft:sponge":27,"minecraft:birch_log":55,"minecraft:magma_block":43,"minecraft:dune_armor_trim_smithing_template":1,"minecraft:feather":44,"minecraft:water_bucket":1,"minecraft:jungle_log":20,"minecraft:powder_snow_bucket":1,"minecraft:flint":9,"minecraft:map":1,"minecraft:disc_fragment_5":9,"minecraft:twisting_vines":4,"minecraft:gray_terracotta":11,"minecraft:rabbit":2,"minecraft:glowstone_dust":105,"minecraft:llama_spawn_egg":1,"minecraft:moss_block":252,"minecraft:pitcher_pod":4,"minecraft:honeycomb":13,"minecraft:glow_lichen":5,"minecraft:warped_wart_block":30,"minecraft:lime_terracotta":13,"minecraft:stripped_spruce_log":1,"minecraft:ink_sac":25,"minecraft:dark_oak_log":49,"minecraft:red_terracotta":12,"minecraft:blue_terracotta":15,"minecraft:angler_pottery_sherd":4,"minecraft:writable_book":5,"minecraft:miner_pottery_sherd":8,"minecraft:dead_brain_coral_block":22,"minecraft:blue_ice":2,"minecraft:granite":141,"minecraft:rooted_dirt":38,"minecraft:plenty_pottery_sherd":19,"minecraft:dark_oak_fence":4,"minecraft:music_disc_5":1,"minecraft:mud":126,"minecraft:shelter_pottery_sherd":8,"minecraft:bubble_coral_fan":3,"minecraft:clay_ball":511,"minecraft:mourner_pottery_sherd":8,"minecraft:dead_horn_coral_block":14,"minecraft:fire_coral":2,"minecraft:heavy_weighted_pressure_plate":1,"minecraft:cat_spawn_egg":1,"minecraft:netherite_scrap":14,"minecraft:music_disc_otherside":2,"minecraft:beef":50,"minecraft:jungle_sapling":3,"minecraft:poppy":3,"minecraft:chest":145,"minecraft:birch_sapling":5,"minecraft:raw_copper_block":16,"minecraft:egg":9,"minecraft:hoglin_spawn_egg":2,"minecraft:sandstone":153,"minecraft:music_disc_mellohi":2,"minecraft:amethyst_cluster":22,"minecraft:fire_charge":2,"minecraft:white_dye":7,"minecraft:skull_pottery_sherd":20,"minecraft:carrot":1017,"minecraft:redstone":274,"minecraft:prismarine_crystals":101,"minecraft:chicken_spawn_egg":1,"minecraft:stone_shovel":4,"minecraft:beetroot_seeds":1,"minecraft:peony":2,"minecraft:tube_coral_fan":1,"minecraft:deepslate_bricks":103,"minecraft:shears":1,"minecraft:diamond_boots":1,"minecraft:hay_block":11,"minecraft:yellow_terracotta":27,"minecraft:gold_ingot":9,"minecraft:mutton":3,"minecraft:glow_berries":22,"minecraft:heartbreak_pottery_sherd":32,"minecraft:white_wool":28,"minecraft:rail":23,"minecraft:oxeye_daisy":5,"minecraft:mud_bricks":54,"minecraft:yellow_dye":4,"minecraft:red_mushroom":35,"minecraft:ochre_froglight":18,"minecraft:torchflower":3,"minecraft:packed_mud":47,"minecraft:oak_log":961,"minecraft:lily_pad":17,"minecraft:ancient_debris":8,"minecraft:golden_boots":1,"minecraft:paper":18,"minecraft:apple":46,"minecraft:kelp":10,"minecraft:wild_armor_trim_smithing_template":1,"minecraft:warped_stem":8,"minecraft:oak_fence_gate":3,"minecraft:spore_blossom":9,"minecraft:music_disc_far":1,"minecraft:stone_pickaxe":3,"minecraft:cobweb":3,"minecraft:blade_pottery_sherd":12,"minecraft:glass_bottle":5,"minecraft:arms_up_pottery_sherd":20,"minecraft:iron_sword":1,"minecraft:flowering_azalea":4,"minecraft:smooth_basalt":73,"minecraft:sweet_berries":708,"minecraft:spyglass":1,"minecraft:torchflower_seeds":4,"minecraft:gravel":84,"minecraft:dead_fire_coral_block":16,"minecraft:prize_pottery_sherd":14,"minecraft:spruce_sapling":31,"minecraft:spruce_log":100,"minecraft:crying_obsidian":4,"minecraft:archer_pottery_sherd":13,"minecraft:leather_helmet":1,"minecraft:brewer_pottery_sherd":22,"minecraft:husk_spawn_egg":2,"minecraft:slime_ball":63,"minecraft:snort_pottery_sherd":24,"minecraft:tide_armor_trim_smithing_template":2,"minecraft:rib_armor_trim_smithing_template":2,"minecraft:gray_wool":1,"minecraft:melon_seeds":3,"minecraft:mangrove_propagule":7,"minecraft:music_disc_strad":2,"minecraft:wheat":194,"minecraft:sentry_armor_trim_smithing_template":2,"minecraft:potion":1,"minecraft:gilded_blackstone":28,"minecraft:cod_bucket":1,"minecraft:dead_tube_coral_block":13,"minecraft:raw_copper":1198,"minecraft:netherite_ingot":2,"minecraft:experience_bottle":17,"minecraft:deepslate_tiles":52,"minecraft:red_sand":106,"minecraft:bucket":1,"minecraft:white_tulip":3,"minecraft:rose_bush":2,"minecraft:azalea":15,"minecraft:calcite":231,"minecraft:smooth_quartz":6,"minecraft:wooden_shovel":2,"minecraft:iron_pickaxe":1,"minecraft:tipped_arrow":8,"minecraft:stick":174,"minecraft:brown_terracotta":17,"minecraft:oak_fence":125,"minecraft:torch":28,"minecraft:porkchop":6,"minecraft:dried_kelp":5,"minecraft:music_disc_pigstep":1,"minecraft:shulker_spawn_egg":1,"minecraft:pointed_dripstone":7,"minecraft:diorite":163,"minecraft:vine":19,"minecraft:goat_horn":1,"minecraft:sniffer_egg":2,"minecraft:quartz_block":47,"minecraft:cactus":10,"minecraft:rotten_flesh":77,"minecraft:music_disc_ward":2,"minecraft:guardian_spawn_egg":1,"minecraft:mangrove_roots":20,"minecraft:fire_coral_fan":3,"minecraft:music_disc_wait":2,"minecraft:obsidian":12,"minecraft:cod":2,"minecraft:blaze_powder":2,"minecraft:cobblestone":712,"minecraft:pink_petals":3,"minecraft:leather_chestplate":1,"minecraft:muddy_mangrove_roots":20,"minecraft:magma_cream":8,"minecraft:raiser_armor_trim_smithing_template":1,"minecraft:andesite":135,"minecraft:golden_leggings":1,"minecraft:chiseled_quartz_block":16,"minecraft:magenta_dye":5,"minecraft:tuff":141,"minecraft:light_gray_dye":5,"minecraft:prismarine_bricks":102,"minecraft:danger_pottery_sherd":26,"minecraft:horn_coral":2,"minecraft:wither_skeleton_skull":1,"minecraft:silence_armor_trim_smithing_template":1,"minecraft:lapis_lazuli":900,"minecraft:dirt":694,"minecraft:leather_boots":3,"minecraft:bone":65,"minecraft:acacia_planks":21,"minecraft:bow":8,"minecraft:wheat_seeds":562,"minecraft:small_dripleaf":8,"minecraft:raw_gold":158,"minecraft:cobbled_deepslate_slab":2,"minecraft:light_blue_dye":2,"minecraft:fletching_table":19,"minecraft:bamboo":97,"minecraft:prismarine":96,"minecraft:oak_planks":145,"minecraft:brain_coral":2,"minecraft:axolotl_bucket":1,"minecraft:enderman_spawn_egg":1,"minecraft:sand":202,"minecraft:jungle_planks":4,"minecraft:dead_bush":32,"minecraft:grass_block":1,"minecraft:lily_of_the_valley":2,"minecraft:jungle_slab":50,"minecraft:mossy_cobblestone":95,"minecraft:dark_prismarine":77,"minecraft:light_gray_terracotta":20,"minecraft:sugar":8,"minecraft:light_blue_terracotta":16,"minecraft:diamond":115,"minecraft:slime_block":1,"minecraft:cherry_wood":10,"minecraft:crossbow":1,"minecraft:bone_meal":21,"minecraft:golden_apple":14,"minecraft:emerald":94,"minecraft:oak_sapling":266,"minecraft:netherrack":210,"minecraft:oak_leaves":56,"minecraft:lingering_potion":1,"minecraft:cocoa_beans":9,"minecraft:azure_bluet":2,"minecraft:chicken":1,"minecraft:ladder":5,"minecraft:shield":1,"minecraft:magma_cube_spawn_egg":1,"minecraft:moss_carpet":7,"minecraft:iron_axe":1,"minecraft:blackstone":102,"minecraft:blue_orchid":2,"minecraft:candle":16,"minecraft:lectern":242,"minecraft:sugar_cane":96,"minecraft:dark_oak_sapling":13,"minecraft:raw_iron":284,"minecraft:music_disc_relic":2,"minecraft:copper_ingot":3,"minecraft:quartz_pillar":64,"minecraft:pufferfish_spawn_egg":2,"minecraft:music_disc_11":1,"minecraft:trident":2,"minecraft:friend_pottery_sherd":21,"minecraft:howl_pottery_sherd":19,"minecraft:arrow":40,"minecraft:tube_coral":1,"minecraft:nether_bricks":60,"minecraft:pink_tulip":5,"minecraft:glistering_melon_slice":2,"minecraft:purple_dye":4,"minecraft:basalt":53,"minecraft:glow_ink_sac":23,"minecraft:golden_carrot":15,"minecraft:burn_pottery_sherd":12,"minecraft:crimson_stem":6,"minecraft:salmon":6,"minecraft:leather":34,"minecraft:music_disc_stal":1,"minecraft:ice":1,"minecraft:crimson_fungus":8,"minecraft:nether_wart_block":28,"minecraft:gunpowder":14,"minecraft:wooden_hoe":2,"minecraft:heart_pottery_sherd":21,"minecraft:orange_terracotta":23,"minecraft:coast_armor_trim_smithing_template":2,"minecraft:witch_spawn_egg":1,"minecraft:pearlescent_froglight":34,"minecraft:red_sandstone":129,"minecraft:rabbit_hide":4,"minecraft:silverfish_spawn_egg":1,"minecraft:iron_ingot":135,"minecraft:frogspawn":6,"minecraft:verdant_froglight":7,"minecraft:acacia_sapling":9,"minecraft:soul_sand":68,"minecraft:green_dye":2,"minecraft:book":8,"minecraft:sculk_catalyst":1,"minecraft:oak_slab":432,"minecraft:warped_fungus":1,"minecraft:pitcher_plant":2,"minecraft:pumpkin":6,"minecraft:budding_amethyst":14,"minecraft:quartz":27,"minecraft:dandelion":2,"minecraft:raw_iron_block":7,"minecraft:dripstone_block":145,"minecraft:lava_bucket":3,"minecraft:brain_coral_fan":1,"minecraft:amethyst_shard":16,"minecraft:white_bed":7,"minecraft:spider_eye":10,"minecraft:bamboo_mosaic":26,"minecraft:lime_dye":5,"minecraft:pumpkin_seeds":4,"minecraft:dried_kelp_block":12,"minecraft:trader_llama_spawn_egg":1,"minecraft:honey_block":8,"minecraft:dead_bubble_coral_block":20,"minecraft:iron_helmet":8,"minecraft:cherry_sapling":6,"minecraft:terracotta":39,"minecraft:acacia_slab":17,"minecraft:coal":245}},"DataVersion":3700}